:020000040800F2
:1000000000500020AD5B0008395A0008415A000832
:10001000495A0008515A0008595A000800000000C7
:10002000000000000000000000000000615A00080D
:100030006D5A000800000000795A0008855A00082F
:10004000F55B0008F55B0008F55B0008F55B000850
:10005000F55B0008F55B0008F55B0008F55B000840
:10006000F55B0008F55B0008F55B0008F55B000830
:10007000F55B0008F55B0008F55B0008F55B000820
:10008000F55B0008F55B0008F55B0008F55B000810
:10009000F55B0008F55B0008F55B0008F55B000800
:1000A000F55B0008F55B0008F55B0008F55B0008F0
:1000B000F55B0008F55B0008F55B0008CD5A000809
:1000C000E15A0008F55B0008F55B0008F55B0008E5
:1000D000F55B0008915A0008A55A0008B95A0008B3
:1000E000F55B0008F55B0008F55B00080000000008
:1000F0000000000000000000000000000000000000
:0C01000000000000000000005FF808F1A3
:100110004FF0FF0C1CEAD0521EBF1CEAD15392EAEA
:100120000C0F93EA0C0F6FD01A4480EA010C4002C6
:1001300018BF5FEA41211ED04FF0006343EA501020
:1001400043EA5111A0FB01310CF00040B1F5000F62
:100150003EBF490041EAD3715B0040EA010062F111
:100160007F02FD2A1DD8B3F1004F40EBC25008BFFB
:1001700020F00100704790F0000F0CF0004C08BF19
:1001800049024CEA502040EA51207F3AC2BFD2F1E6
:10019000FF0340EAC250704740F400004FF00003F4
:1001A000013A5DDC12F1190FDCBF00F0004070472E
:1001B000C2F10002410021FA02F1C2F1200200FA6C
:1001C00002FC5FEA310040F1000053EA4C0308BF33
:1001D00020EADC70704792F0000F00F0004C02BF84
:1001E000400010F4000F013AF9D040EA0C0093F0FF
:1001F000000F01F0004C02BF490011F4000F013B59
:10020000F9D041EA0C018FE70CEAD15392EA0C0FC6
:1002100018BF93EA0C0F0AD030F0004C18BF31F031
:10022000004CD8D180EA010000F00040704790F007
:10023000000F17BF90F0004F084691F0000F91F0AB
:10024000004F14D092EA0C0F01D142020FD193EA71
:100250000C0F03D14B0218BF084608D180EA0100F9
:1002600000F0004040F0FE4040F40000704740F0D5
:10027000FE4040F44000704780F0004002E000BFC4
:1002800081F0004142001FBF5FEA410392EA030F81
:100290007FEA226C7FEA236C6AD04FEA1262D2EBCB
:1002A0001363C1BFD218414048404140B8BF5B42D0
:1002B000192B88BF704710F0004F40F4000020F069
:1002C0007F4018BF404211F0004F41F4000121F07F
:1002D0007F4118BF494292EA030F3FD0A2F10102C9
:1002E00041FA03FC10EB0C00C3F1200301FA03F107
:1002F00000F0004302D5494260EB4000B0F5000F2A
:1003000013D3B0F1807F06D340084FEA310102F1E8
:100310000102FE2A51D2B1F1004F40EBC25008BF9A
:1003200020F0010040EA03007047490040EB000064
:10033000013A28BFB0F5000FEDD2B0FA80FCACF165
:10034000080CB2EB0C0200FA0CF0AABF00EBC25092
:1003500052421843BCBFD0401843704792F0000F80
:1003600081F4000106BF80F400000132013BB5E7D3
:100370004FEA41037FEA226C18BF7FEA236C21D049
:1003800092EA030F04D092F0000F08BF08467047AE
:1003900090EA010F1CBF0020704712F07F4F04D17C
:1003A000400028BF40F00040704712F100723CBF8F
:1003B00000F50000704700F0004343F0FE4040F4B9
:1003C000000070477FEA226216BF08467FEA236377
:1003D0000146420206BF5FEA412390EA010F40F462
:1003E000800070474FF0000304E000BF10F00043AE
:1003F00048BF40425FEA000C08BF704743F0964395
:1004000001464FF000001CE050EA010208BF7047AF
:100410004FF000030AE000BF50EA010208BF704736
:1004200011F0004302D5404261EB41015FEA010C4B
:1004300002BF84460146002043F0B64308BFA3F143
:100440008053A3F50003BCFA8CF2083AA3EBC25325
:1004500010DB01FA02FC634400FA02FCC2F1200244
:10046000BCF1004F20FA02F243EB020008BF20F07B
:100470000100704702F1200201FA02FCC2F12002E1
:1004800050EA4C0021FA02F243EB020008BF20EAD6
:10049000DC7070474FF0FF3C06E000BF4FF0010CEE
:1004A00002E000BF4FF0010C4DF804CD4FEA4002CE
:1004B0004FEA41037FEA226C18BF7FEA236C11D018
:1004C00001B052EA530C18BF90EA010F58BFB2EBCB
:1004D000030088BFC81738BF6FEAE17018BF40F04B
:1004E000010070477FEA226C02D15FEA402C05D1FF
:1004F0007FEA236CE4D15FEA412CE1D05DF8040B84
:10050000704700BF844608466146FFE70FB5FFF716
:10051000C9FF002848BF10F1000F0FBD4DF808EDCE
:10052000FFF7F4FF0CBF012000205DF808FB00BFBF
:100530004DF808EDFFF7EAFF34BF012000205DF819
:1005400008FB00BF4DF808EDFFF7E0FF94BF012066
:1005500000205DF808FB00BF4DF808EDFFF7D2FF63
:1005600094BF012000205DF808FB00BF4DF808EDA6
:10057000FFF7C8FF34BF012000205DF808FB00BF73
:100580004FEA4002B2F1FE4F0FD34FF09E03B3EBA0
:1005900012620DD94FEA002343F0004310F0004FE0
:1005A00023FA02F018BF404270474FF00000704736
:1005B00012F1610F01D1420205D110F0004008BFD5
:1005C0006FF0004070474FF0000070477BB972B980
:1005D0000029BEBF00204FF0004106E008BF002800
:1005E0001CBF6FF000414FF0FF3000F03FB8ADF19D
:1005F000080C6DE904CE002909DB002B1ADB0AF098
:1006000035FBDDF804E0DDE9022304B07047404229
:1006100061EB4101002B1BDB0AF028FBDDF804E055
:10062000DDE9022304B0404261EB4101524263EB39
:1006300043037047524263EB43030AF017FBDDF8B4
:1006400004E0DDE9022304B0404261EB4101704760
:10065000524263EB43030AF009FBDDF804E0DDE9F5
:10066000022304B0524263EB43037047704700BF5C
:100670000348044B834202D0034B03B11847704731
:100680000C0000200C000020000000000548064B74
:100690001B1AD90F01EBA301491002D0034B03B180
:1006A000184770470C0000200C00002000000000DC
:1006B00010B5064C237843B9FFF7DAFF044B13B1AA
:1006C0000448AFF300800123237010BD1000002008
:1006D0000000000060AF000808B5054B1BB10549DC
:1006E0000548AFF30080BDE80840FFF7CFBF00BF6B
:1006F000000000001400002060AF00080346024420
:10070000934200D1704703F8011BF9E770B500264A
:100710000C4D0D4B5B1B9C10A64209D100260AF024
:100720001FFC0A4D0A4B5B1B9C10A64205D170BDF5
:1007300055F8043B98470136EEE755F8043B9847D7
:100740000136F2E770B0000870B0000870B0000821
:1007500074B0000880B400AF00BFBD4680BC7047D5
:1007600080B582B000AF78607B68002B01D1012397
:1007700041E07B6893F83D30DBB2002B06D17B680B
:10078000002283F83C20786804F09CFF7B680222FA
:1007900083F83D207B681A687B680433194610464D
:1007A00000F0DEFC7B68012283F846207B68012292
:1007B00083F83E207B68012283F83F207B6801227A
:1007C00083F840207B68012283F841207B68012266
:1007D00083F842207B68012283F843207B68012252
:1007E00083F844207B68012283F845207B6801223E
:1007F00083F83D20002318460837BD4680BD80B5EC
:1008000082B000AF78607B68002B01D1012341E00A
:100810007B6893F83D30DBB2002B06D17B68002269
:1008200083F83C20786800F039F87B68022283F86E
:100830003D207B681A687B6804331946104600F037
:100840008FFC7B68012283F846207B68012283F8B5
:100850003E207B68012283F83F207B68012283F8D9
:1008600040207B68012283F841207B68012283F8C5
:1008700042207B68012283F843207B68012283F8B1
:1008800044207B68012283F845207B68012283F89D
:100890003D20002318460837BD4680BD80B483B094
:1008A00000AF786000BF0C37BD4680BC70470000C9
:1008B00080B584B000AF786039603B68002B09D107
:1008C0007B6893F83E30DBB2012B14BF0123002379
:1008D000DBB222E03B68042B09D17B6893F83F3000
:1008E000DBB2012B14BF01230023DBB215E03B6810
:1008F000082B09D17B6893F84030DBB2012B14BF81
:1009000001230023DBB208E07B6893F84130DBB2BF
:10091000012B14BF01230023DBB2002B01D00123E4
:100920005EE03B68002B04D17B68022283F83E2006
:1009300013E03B68042B04D17B68022283F83F203C
:100940000BE03B68082B04D17B68022283F840202F
:1009500003E07B68022283F841207B681B68012248
:100960003968184600F088FE7B681B681E4A93426F
:1009700007D17B681B685A6C7B681B6842F4004295
:100980005A647B681B68184A93420ED07B681B68C8
:10099000B3F1804F09D07B681B68144A934204D09E
:1009A0007B681B68124A934211D17B681B689B6865
:1009B00003F00703FB60FB68062B10D07B681B6805
:1009C0001A687B681B6842F001021A6007E07B68C6
:1009D0001B681A687B681B6842F001021A600023DA
:1009E00018461037BD4680BD002C01400004004071
:1009F0000008004080B582B000AF786039607B6845
:100A00001B6800223968184600F036FE7B681B68B8
:100A1000294A934217D17B681B681A6A41F2111365
:100A20001340002B0FD17B681B681A6A40F24443C5
:100A30001340002B07D17B681B685A6C7B681B68CE
:100A400022F400425A647B681B681A6A41F211134F
:100A50001340002B0FD17B681B681A6A40F2444395
:100A60001340002B07D17B681B681A687B681B68E2
:100A700022F001021A603B68002B04D17B6801223E
:100A800083F83E2013E03B68042B04D17B680122ED
:100A900083F83F200BE03B68082B04D17B680122E0
:100AA00083F8402003E07B68012283F84120002383
:100AB00018460837BD4680BD002C014080B586B081
:100AC00000AF786039607B68002B01D1012393E08F
:100AD0007B6893F83D30DBB2002B06D17B680022A7
:100AE00083F83C20786804F055FD7B68022283F887
:100AF0003D207B681B689B687A68126823F48043FA
:100B000023F0070393607B681A687B6804331946F7
:100B1000104600F025FB7B681B689B687B617B6847
:100B20001B689B693B617B681B681B6AFB603B68B9
:100B30001B687A6913437B613B6923F4407323F09C
:100B400003033B613B689A683B689B691B02134344
:100B50003A6913433B613B6923F4406323F00C0380
:100B60003B613B6923F4704323F0F0033B613B6836
:100B7000DA683B68DB691B0213433A6913433B6144
:100B80003B681B691A013B681B6A1B0313433A69E4
:100B900013433B61FB6823F02203FB603B685A6808
:100BA0003B685B691B011343FA681343FB607B6876
:100BB0001B687A699A607B681B683A699A617B68EE
:100BC0001B68FA681A627B68012283F846207B68FA
:100BD000012283F83E207B68012283F83F207B6856
:100BE000012283F842207B68012283F843207B683E
:100BF000012283F83D20002318461837BD4680BDEA
:100C000080B584B000AF786039607B6893F83E307F
:100C1000FB737B6893F83F30BB737B6893F842307B
:100C20007B737B6893F843303B733B68002B10D198
:100C3000FB7B012B02D17B7B012B01D0012369E0DF
:100C40007B68022283F83E207B68022283F84220E0
:100C500031E03B68042B10D1BB7B012B02D13B7BE5
:100C6000012B01D0012355E07B68022283F83F204D
:100C70007B68022283F843201DE0FB7B012B08D117
:100C8000BB7B012B05D17B7B012B02D13B7B012B55
:100C900001D001233EE07B68022283F83E207B687E
:100CA000022283F83F207B68022283F842207B687F
:100CB000022283F843203B68002B03D03B68042BBF
:100CC00008D00FE07B681B6801220021184600F065
:100CD000D3FC16E07B681B6801220421184600F053
:100CE000CBFC0EE07B681B6801220021184600F057
:100CF000C3FC7B681B6801220421184600F0BCFC81
:100D000000BF7B681B681A687B681B6842F00102A1
:100D10001A60002318461037BD4680BD80B582B0EA
:100D200000AF786039603B68002B03D03B68042B30
:100D300008D00FE07B681B6800220021184600F0F5
:100D40009BFC16E07B681B6800220421184600F01B
:100D500093FC0EE07B681B6800220021184600F01F
:100D60008BFC7B681B6800220421184600F084FC81
:100D700000BF7B681B681A6A41F211131340002BF5
:100D80000FD17B681B681A6A40F244431340002B62
:100D900007D17B681B681A687B681B6822F0010218
:100DA0001A603B68002B02D03B68042B38D13B68AB
:100DB000002B04D17B68012283F83E2013E03B68BE
:100DC000042B04D17B68012283F83F200BE03B68B1
:100DD000082B04D17B68012283F8402003E07B6864
:100DE000012283F841203B68002B04D17B6801225B
:100DF00083F8422024E03B68042B04D17B68012265
:100E000083F843201CE03B68082B04D17B68012257
:100E100083F8442014E07B68012283F845200FE02A
:100E20007B68012283F83E207B68012283F83F2003
:100E30007B68012283F842207B68012283F84320EB
:100E4000002318460837BD4680BD000080B586B037
:100E500000AFF860B9607A600023FB75FB6893F817
:100E60003C30012B01D10223AEE0FB68012283F864
:100E70003C207B680C2B00F29F8001A252F823F0EB
:100E8000B50E0008B90F0008B90F0008B90F000827
:100E9000F50E0008B90F0008B90F0008B90F0008D7
:100EA000370F0008B90F0008B90F0008B90F000884
:100EB000770F0008FB681B68B968184600F0BEF998
:100EC000FB681B689A69FB681B6842F008029A611C
:100ED000FB681B689A69FB681B6822F004029A6130
:100EE000FB681B689969BB681A69FB681B680A4341
:100EF0009A6164E0FB681B68B968184600F004FA60
:100F0000FB681B689A69FB681B6842F400629A617F
:100F1000FB681B689A69FB681B6822F480629A610F
:100F2000FB681B689969BB681B691A02FB681B6830
:100F30000A439A6143E0FB681B68B968184600F0F1
:100F40004DFAFB681B68DA69FB681B6842F008020F
:100F5000DA61FB681B68DA69FB681B6822F004022F
:100F6000DA61FB681B68D969BB681A69FB681B6892
:100F70000A43DA6123E0FB681B68B968184600F091
:100F800097FAFB681B68DA69FB681B6842F4006229
:100F9000DA61FB681B68DA69FB681B6822F480620F
:100FA000DA61FB681B68D969BB681B691A02FB68B8
:100FB0001B680A43DA6102E00123FB7500BFFB688E
:100FC000002283F83C20FB7D18461837BD4680BDC3
:100FD00080B584B000AF786039600023FB737B6814
:100FE00093F83C30012B01D10223B4E07B6801224D
:100FF00083F83C207B68022283F83D207B681B68D5
:101000009B68BB60BB6823F07703BB60BB6823F4BD
:101010007F43BB607B681B68BA689A603B681B684B
:10102000B3F5005F3ED0B3F5005F00F28780B3F503
:10103000805F00F08680B3F5805F7FD8702B1AD078
:10104000702B7BD8602B50D0602B77D8502B3CD0A6
:10105000502B73D8402B58D0402B6FD8302B64D0F6
:10106000302B6BD8202B60D0202B67D8002B5CD086
:10107000102B5AD062E07B6818683B6899683B681F
:101080005A683B68DB6800F0D8FA7B681B689B688D
:10109000BB60BB6843F07703BB607B681B68BA68C2
:1010A0009A604FE07B6818683B6899683B685A68AB
:1010B0003B68DB6800F0C1FA7B681B689A687B6854
:1010C0001B6842F480429A603CE07B6818683B6889
:1010D00059683B68DB681A4600F038FA7B681B6881
:1010E0005021184600F08FFA2CE07B6818683B68A6
:1010F00059683B68DB681A4600F056FA7B681B6843
:101100006021184600F07FFA1CE07B6818683B6895
:1011100059683B68DB681A4600F018FA7B681B6860
:101120004021184600F06FFA0CE07B681A683B68B3
:101130001B681946104600F066FA03E00123FB73B2
:1011400000E000BF7B68012283F83D207B6800221D
:1011500083F83C20FB7B18461037BD4680BD00005D
:1011600080B485B000AF786039607B681B68FB6035
:101170007B682F4A93420BD07B68B3F1804F07D036
:101180007B682C4A934203D07B682B4A934208D158
:10119000FB6823F07003FB603B685B68FA681343ED
:1011A000FB607B68224A93420BD07B68B3F1804F8F
:1011B00007D07B681F4A934203D07B681E4A934244
:1011C00008D1FB6823F44073FB603B68DB68FA6876
:1011D0001343FB60FB6823F080023B685B691343A9
:1011E000FB607B68FA681A603B689A687B68DA6221
:1011F0003B681A687B689A627B680D4A934203D108
:101200003B681A697B681A637B6801225A617B68B4
:101210001B6903F00103002B05D07B681B6923F0D9
:1012200001027B681A6100BF1437BD4680BC70475D
:10123000002C0140000400400008004080B487B04A
:1012400000AF786039607B681B6A7B617B681B6AD2
:1012500023F001027B681A627B685B683B617B68F4
:101260009B69FB60FB6823F07003FB60FB6823F065
:101270000303FB603B681B68FA681343FB607B69F0
:1012800023F002037B613B689B687A6913437B61AF
:101290007B681C4A93420CD17B6923F008037B6175
:1012A0003B68DB687A6913437B617B6923F0040345
:1012B0007B617B68134A934211D13B6923F48073AD
:1012C0003B613B6923F400733B613B685B693A69AE
:1012D00013433B613B689B693A6913433B617B68FD
:1012E0003A695A607B68FA689A613B685A687B6819
:1012F0005A637B687A691A6200BF1C37BD4680BC9E
:10130000704700BF002C014080B487B000AF786008
:1013100039607B681B6A7B617B681B6A23F0100263
:101320007B681A627B685B683B617B689B69FB60DA
:10133000FB6823F4E043FB60FB6823F44073FB602D
:101340003B681B681B02FA681343FB607B6923F050
:1013500020037B613B689B681B017A6913437B61B7
:101360007B681D4A93420DD17B6923F080037B612A
:101370003B68DB681B017A6913437B617B6923F05F
:1013800040037B617B68144A934213D13B6923F489
:1013900080633B613B6923F400633B613B685B69AD
:1013A0009B003A6913433B613B689B699B003A6928
:1013B00013433B617B683A695A607B68FA689A61BB
:1013C0003B685A687B689A637B687A691A6200BFD7
:1013D0001C37BD4680BC7047002C014080B487B0EC
:1013E00000AF786039607B681B6A7B617B681B6A31
:1013F00023F480727B681A627B685B683B617B6860
:10140000DB69FB60FB6823F07003FB60FB6823F083
:101410000303FB603B681B68FA681343FB607B694E
:1014200023F400737B613B689B681B027A6913435A
:101430007B617B681D4A93420DD17B6923F4006375
:101440007B613B68DB681B027A6913437B617B69C4
:1014500023F480637B617B68144A934213D13B6918
:1014600023F480533B613B6923F400533B613B68A9
:101470005B691B013A6913433B613B689B691B0134
:101480003A6913433B617B683A695A607B68FA6842
:10149000DA613B685A687B68DA637B687A691A624A
:1014A00000BF1C37BD4680BC704700BF002C014008
:1014B00080B487B000AF786039607B681B6A3B619D
:1014C0007B681B6A23F480527B681A627B685B68C6
:1014D0007B617B68DB69FB60FB6823F4E043FB60B6
:1014E000FB6823F44073FB603B681B681B02FA68CF
:1014F0001343FB603B6923F400533B613B689B68EB
:101500001B033A6913433B617B680F4A934209D13D
:101510007B6923F480437B613B685B699B017A694B
:1015200013437B617B687A695A607B68FA68DA6189
:101530003B685A687B681A647B683A691A6200BF24
:101540001C37BD4680BC7047002C014080B487B07A
:1015500000AFF860B9607A60FB681B6A7B61FB686A
:101560001B6A23F00102FB681A62FB689B693B61FE
:101570003B6923F0F0033B617B681B013A6913432D
:101580003B617B6923F00A037B617A69BB68134383
:101590007B61FB683A699A61FB687A691A6200BFED
:1015A0001C37BD4680BC704780B487B000AFF86080
:1015B000B9607A60FB681B6A7B61FB681B6A23F079
:1015C0001002FB681A62FB689B693B613B6923F46C
:1015D00070433B617B681B033A6913433B617B6942
:1015E00023F0A0037B61BB681B017A6913437B6115
:1015F000FB683A699A61FB687A691A6200BF1C3716
:10160000BD4680BC704780B485B000AF786039605B
:101610007B689B68FB60FB6823F07003FB603A68A3
:10162000FB68134343F00703FB607B68FA689A602A
:1016300000BF1437BD4680BC704780B487B000AF90
:10164000F860B9607A603B60FB689B687B617B698E
:1016500023F47F437B613B681A027B681A43BB68B3
:1016600013437A6913437B61FB687A699A6000BF10
:101670001C37BD4680BC704780B487B000AFF860AF
:10168000B9607A60BB6803F01F03012202FA03F31A
:101690007B61FB681A6A7B69DB431A40FB681A624C
:1016A000FB681A6ABB6803F01F03796801FA03F349
:1016B0001A43FB681A6200BF1C37BD4680BC7047E6
:1016C00080B485B000AF786039607B6893F83C30B7
:1016D000012B01D1022346E07B68012283F83C20E4
:1016E0007B68022283F83D207B681B685B68FB6097
:1016F0007B681B689B68BB60FB6823F07003FB6022
:101700003B681B68FA681343FB607B681B68FA68D8
:101710005A607B681B68164A93420ED07B681B6830
:10172000B3F1804F09D07B681B68124A934204D002
:101730007B681B68104A93420CD1BB6823F080037E
:10174000BB603B685B68BA681343BB607B681B681F
:10175000BA689A607B68012283F83D207B6800228A
:1017600083F83C20002318461437BD4680BC7047E0
:10177000002C0140000400400008004080B500AF8C
:10178000084B1B68074A43F010031360032002F064
:10179000A3FE0F2000F008F804F0ACF9002318466F
:1017A00080BD00BF0020024080B582B000AF7860ED
:1017B000124B1A68124B1B7819464FF47A73B3FB1D
:1017C000F1F3B2FBF3F3184602F0BBFE0346002B25
:1017D00001D001230EE07B680F2B0AD80022796824
:1017E0004FF0FF3002F083FE064A7B68136000234F
:1017F00000E0012318460837BD4680BD00000020E8
:10180000080000200400002080B400AF054B1B78C6
:101810001A46054B1B681344034A136000BFBD46BC
:1018200080BC7047080000202C00002080B400AF6E
:10183000024B1B681846BD4680BC70472C00002038
:1018400080B586B000AF78607B68002B01D10123A2
:1018500072E27B681B6803F00103002B00F08780B5
:10186000924B5B6803F00C03042B0CD08F4B5B682E
:1018700003F00C03082B12D18C4B5B6803F480330C
:10188000B3F5803F0BD1894B1B6803F40033002B69
:101890006CD07B685B68002B68D101234CE27B68CD
:1018A0005B68B3F5803F06D1804B1B687F4A43F4E9
:1018B000803313602EE07B685B68002B0CD17B4B80
:1018C0001B687A4A23F480331360784B1B68774A8D
:1018D00023F4802313601DE07B685B68B3F5A02FC1
:1018E0000CD1724B1B68714A43F4802313606F4B19
:1018F0001B686E4A43F4803313600BE06B4B1B682C
:101900006A4A23F480331360684B1B68674A23F4E8
:10191000802313607B685B68002B13D0FFF786FF82
:10192000386108E0FFF782FF02463B69D31A642B57
:1019300001D9032300E25D4B1B6803F40033002B45
:10194000F0D014E0FFF772FF386108E0FFF76EFF98
:1019500002463B69D31A642B01D90323ECE1534BB4
:101960001B6803F40033002BF0D100E000BF7B685C
:101970001B6803F00203002B63D04C4B5B6803F041
:101980000C03002B0BD0494B5B6803F00C03082BB6
:101990001CD1464B5B6803F48033002B16D1434BBC
:1019A0001B6803F00203002B05D07B681B69012B29
:1019B00001D00123C0E13D4B1B6823F0F8027B6896
:1019C0005B69DB00394913430B603AE07B681B69B4
:1019D000002B20D0364B01221A60FFF727FF386119
:1019E00008E0FFF723FF02463B69D31A022B01D917
:1019F0000323A1E12D4B1B6803F00203002BF0D061
:101A00002A4B1B6823F0F8027B685B69DB002749DF
:101A100013430B6015E0264B00221A60FFF706FF08
:101A2000386108E0FFF702FF02463B69D31A022B38
:101A300001D9032380E11D4B1B6803F00203002B37
:101A4000F0D17B681B6803F00803002B3AD07B6859
:101A50009B69002B19D0174B01221A60FFF7E6FE95
:101A6000386108E0FFF7E2FE02463B69D31A022B19
:101A700001D9032360E10D4B5B6A03F00203002BE5
:101A8000F0D0012000F0CEFA1CE00A4B00221A60D0
:101A9000FFF7CCFE38610FE0FFF7C8FE02463B6956
:101AA000D31A022B08D9032346E100BF00100240DD
:101AB0000000424280044242924B5B6A03F0020300
:101AC000002BE9D17B681B6803F00403002B00F0B6
:101AD000A6800023FB758B4BDB6903F08053002B42
:101AE0000DD1884BDB69874A43F08053D361854B26
:101AF000DB6903F08053BB60BB680123FB75824B3D
:101B00001B6803F48073002B18D17F4B1B687E4A3F
:101B100043F480731360FFF789FE386108E0FFF734
:101B200085FE02463B69D31A642B01D9032303E1E6
:101B3000754B1B6803F48073002BF0D07B68DB6867
:101B4000012B06D16F4B1B6A6E4A43F001031362EF
:101B50002DE07B68DB68002B0CD16A4B1B6A694A5D
:101B600023F001031362674B1B6A664A23F00403E8
:101B700013621CE07B68DB68052B0CD1614B1B6A90
:101B8000604A43F0040313625E4B1B6A5D4A43F0F4
:101B9000010313620BE05B4B1B6A5A4A23F00103FB
:101BA0001362584B1B6A574A23F0040313627B6885
:101BB000DB68002B15D0FFF739FE38610AE0FFF72C
:101BC00035FE02463B69D31A41F28832934201D96D
:101BD0000323B1E04B4B1B6A03F00203002BEED052
:101BE00014E0FFF723FE38610AE0FFF71FFE02460C
:101BF0003B69D31A41F28832934201D903239BE017
:101C0000404B1B6A03F00203002BEED1FB7D012B3E
:101C100005D13C4BDB693B4A23F08053D3617B68A1
:101C2000DB69002B00F08780364B5B6803F00C0308
:101C3000082B61D07B68DB69022B46D1334B002235
:101C40001A60FFF7F3FD386108E0FFF7EFFD024689
:101C50003B69D31A022B01D903236DE0294B1B6882
:101C600003F00073002BF0D17B681B6AB3F5803F53
:101C700008D1244B5B6823F400327B689B682149C0
:101C800013434B601F4B5B6823F474127B68196A23
:101C90007B685B6A0B431B4913434B601B4B012260
:101CA0001A60FFF7C3FD386108E0FFF7BFFD024689
:101CB0003B69D31A022B01D903233DE0114B1B686A
:101CC00003F00073002BF0D035E0104B00221A60B7
:101CD000FFF7ACFD386108E0FFF7A8FD02463B695D
:101CE000D31A022B01D9032326E0064B1B6803F00D
:101CF0000073002BF0D11EE07B68DB69012B07D15C
:101D0000012319E0001002400070004060004242D0
:101D10000B4B5B68FB60FB6803F480327B681B6ADB
:101D20009A4206D1FB6803F470127B685B6A9A42A0
:101D300001D0012300E0002318461837BD4680BDBE
:101D40000010024080B584B000AF786039607B68D5
:101D5000002B01D10123D0E06A4B1B6803F007037D
:101D60003A689A4210D9674B1B6823F0070265490D
:101D70003B6813430B60634B1B6803F007033A682F
:101D80009A4201D00123B8E07B681B6803F002038C
:101D9000002B20D07B681B6803F00403002B05D0C8
:101DA000594B5B68584A43F4E06353607B681B6897
:101DB00003F00803002B05D0534B5B68524A43F4F1
:101DC00060535360504B5B6823F0F0027B689B6864
:101DD0004D4913434B607B681B6803F00103002BE4
:101DE00040D07B685B68012B07D1474B1B6803F42D
:101DF0000033002B15D101237FE07B685B68022B49
:101E000007D1414B1B6803F00073002B09D101235C
:101E100073E03D4B1B6803F00203002B01D101234B
:101E20006BE0394B5B6823F003027B685B683649E3
:101E300013434B60FFF7FAFCF8600AE0FFF7F6FC8B
:101E40000246FB68D31A41F28832934201D9032338
:101E500053E02D4B5B6803F00C027B685B689B00D2
:101E60009A42EBD1274B1B6803F007033A689A426A
:101E700010D2244B1B6823F0070222493B6813430E
:101E80000B60204B1B6803F007033A689A4201D0AD
:101E9000012332E07B681B6803F00403002B08D0A9
:101EA000194B5B6823F4E0627B68DB6816491343D7
:101EB0004B607B681B6803F00803002B09D0124BB2
:101EC0005B6823F460527B681B69DB000E49134397
:101ED0004B6000F021F802460B4B5B681B0903F0D6
:101EE0000F030A49CB5C22FA03F3094A1360094B3A
:101EF0001B681846FFF758FC002318461037BD46EC
:101F000080BD00BF002002400010024014B0000855
:101F1000000000200400002080B487B000AF002340
:101F2000FB600023BB6000237B6100237B600023F8
:101F30003B611E4B5B68FB60FB6803F00C03042BEA
:101F400002D0082B03D027E0194B3B6127E0FB6848
:101F50009B0C03F00F03174AD35C7B60FB6803F410
:101F60008033002B10D0114B5B685B0C03F0010336
:101F7000114AD35CBB607B680D4A03FB02F2BB686D
:101F8000B2FBF3F37B6104E07B680C4A02FB03F3D2
:101F90007B617B693B6102E0054B3B6100BF3B69B4
:101FA00018461C37BD4680BC704700BF0010024079
:101FB00000127A002CB000083CB0000800093D0077
:101FC00080B400AF024B1B681846BD4680BC70470A
:101FD0000000002080B500AFFFF7F2FF0246054B7E
:101FE0005B681B0A03F007030349CB5C22FA03F387
:101FF000184680BD0010024024B0000880B500AF34
:10200000FFF7DEFF0246054B5B68DB0A03F00703C0
:102010000349CB5C22FA03F3184680BD001002404E
:1020200024B0000880B485B000AF78600A4B1B680C
:102030000A4AA2FB03235B0A7A6802FB03F3FB60F4
:1020400000BFFB685A1EFA60002BF9D100BF00BF29
:102050001437BD4680BC704700000020D34D62108D
:1020600080B48BB000AF7860396000237B620023BE
:102070003B6269E101227B6A02FA03F3FB613B6880
:102080001B68FA691340BB61BA69FB699A4240F068
:1020900058813B685B689A4A93425ED0984A934263
:1020A00075D8984A934258D0964A93426FD8964A28
:1020B000934252D0944A934269D8944A93424CD066
:1020C000924A934263D8924A934246D0904A9342AE
:1020D0005DD8122B2AD8122B59D801A252F823F01E
:1020E0005B210008352100084721000889210008EC
:1020F0008F2100088F2100088F2100088F21000800
:102100008F2100088F2100088F2100088F210008EF
:102110008F2100088F2100088F2100088F210008DF
:102120008F2100083D21000851210008794A93427F
:1021300013D02CE03B68DB683B6229E03B68DB683E
:1021400004333B6224E03B68DB6808333B621FE0FA
:102150003B68DB680C333B621AE03B689B68002BF2
:1021600002D104233B6213E03B689B68012B05D13D
:1021700008233B627B68FA691A6109E008233B6225
:102180007B68FA695A6103E000233B6200E000BF0C
:10219000BB69FF2B01D87B6801E07B6804337B615E
:1021A000BB69FF2B02D87B6A9B0002E07B6A083B7D
:1021B0009B003B617B691A680F213B6901FA03F3BD
:1021C000DB431A40396A3B6901FA03F31A437B691E
:1021D0001A603B685B6803F08053002B00F0B1800D
:1021E0004D4B9B694C4A43F0010393614A4B9B69F9
:1021F00003F00103BB60BB68484A7B6A9B0802335B
:1022000052F82330FB607B6A03F003039B000F222C
:1022100002FA03F3DB43FA681340FB607B68404A31
:10222000934213D07B683F4A93420DD07B683E4A6D
:10223000934207D07B683D4A934201D1032306E0D5
:10224000042304E0022302E0012300E000237A6A71
:1022500002F0030292009340FA681343FB602F4997
:102260007B6A9B080233FA6841F823203B685B686D
:1022700003F48013002B06D02D4B9A682C49BB69C0
:1022800013438B6006E02A4B9A68BB69DB432849FD
:1022900013408B603B685B6803F40013002B06D08F
:1022A000234BDA682249BB691343CB6006E0204B1D
:1022B000DA68BB69DB431E491340CB603B685B684F
:1022C00003F40033002B06D0194B5A681849BB6938
:1022D00013434B6006E0164B5A68BB69DB43144955
:1022E00013404B603B685B6803F48033002B21D0C4
:1022F0000F4B1A680E49BB6913430B6021E000BF06
:1023000000003210000031100000221000002110E7
:1023100000001210000011100010024000000140E7
:1023200000080140000C0140001001400014014071
:10233000000401400B4B1A68BB69DB430949134099
:102340000B607B6A01337B623B681A687B6A22FA06
:1023500003F3002B7FF48EAE00BF00BF2C37BD46C9
:1023600080BC70470004014080B483B000AF786047
:102370000B467B8013467B707B78002B03D07A88DA
:102380007B681A6103E07B881A047B681A6100BFCE
:102390000C37BD4680BC704780B485B000AF786014
:1023A0000B467B807B68DB68FB607A88FB681340A8
:1023B0001A04FB68D9437B880B401A437B681A6177
:1023C00000BF1437BD4680BC7047000080B584B0A4
:1023D00000AF78607B68002B01D101232BE17B6883
:1023E00093F83D30DBB2002B06D17B68002283F8E6
:1023F0003C20786802F036FF7B68242283F83D2079
:102400007B681B681A687B681B6822F001021A60EF
:102410007B681B681A687B681B6842F400421A607C
:102420007B681B681A687B681B6822F400421A608C
:10243000FFF7D0FDF8607B685B68814A934207D85C
:10244000FB68804A934294BF01230023DBB206E07D
:10245000FB687D4A934294BF01230023DBB2002B2B
:1024600001D00123E7E0FB68784AA2FB03239B0C21
:10247000BB607B681B685B6823F03F017B681B685F
:10248000BA680A435A607B681B681B6A23F03F01E5
:102490007B685B686A4A934202D8BB68013309E0F3
:1024A000BB684FF4967202FB03F3694AA2FB032355
:1024B0009B0901337A6812680B4313627B681B68BF
:1024C000DB6923F44F4222F0FF027B685B685C49C2
:1024D0008B4219D8FB68591E7B685B685B00B1FBB7
:1024E000F3F3591C40F6FC730B40002B0AD0FB6839
:1024F000591E7B685B685B00B1FBF3F30133C3F3E8
:102500000B0351E004234FE07B689B68002B11D143
:10251000FB68581E7B6859680B465B000B44B0FB98
:10252000F3F30133C3F30B03002B0CBF0123002390
:10253000DBB212E0FB68581E7B6859680B469B00B3
:102540000B4499000B44B0FBF3F30133C3F30B03CB
:10255000002B0CBF01230023DBB2002B01D0012391
:1025600022E07B689B68002B0ED1FB68581E7B68BD
:1025700059680B465B000B44B0FBF3F30133C3F324
:102580000B0343F400430FE0FB68581E7B68596857
:102590000B469B000B4499000B44B0FBF3F3013353
:1025A000C3F30B0343F44043796809681343CB61D9
:1025B0007B681B681B6823F0C0017B68DA697B6855
:1025C0001B6A1A437B681B680A431A607B681B6896
:1025D0009B6823F4034323F0FF037A6811697A6848
:1025E000D26811437A6812680B4393607B681B685A
:1025F000DB6823F0FF017B685A697B689B691A439B
:102600007B681B680A43DA607B681B681A687B6812
:102610001B6842F001021A607B6800221A647B6822
:10262000202283F83D207B6800221A637B68002209
:1026300083F83E20002318461037BD4680BD00BFFA
:10264000A08601007F841E00FF083D0083DE1B433F
:10265000D34D621080B483B000AF78607B681B6894
:102660005B6903F08003802B03D17B681B68002229
:102670001A6100BF0C37BD4680BC704780B487B07C
:1026800000AFF860084611461A4603467B810B46A8
:102690003B811346FB8000237B61FB6893F83D3050
:1026A000DBB2202B40F096804D4B1B68DB084D4A77
:1026B000A2FB03231A0A13469B0013449A001344F7
:1026C0007B617B69013B7B617B69002B12D1FB68DD
:1026D00000221A63FB68202283F83D20FB68002259
:1026E00083F83E20FB681B6C43F02002FB681A64F1
:1026F000022370E0FB681B689B6903F00203022B56
:10270000DFD0FB6893F83C30012B01D1022362E05B
:10271000FB68012283F83C20FB681B681B6803F000
:102720000103012B07D0FB681B681A68FB681B6854
:1027300042F001021A60FB681B681A68FB681B689C
:1027400022F400621A60FB68222283F83D20FB68B5
:10275000402283F83E20FB6800221A64FB683A6A34
:102760005A62FB68BA8C5A85FB685B8D9AB2FB682B
:102770001A85FB681C4ADA627A89FB685A643A89CE
:10278000FB689A64FA88FB68DA64FB6800221A65C1
:10279000FB681B681A68FB681B6842F480621A6059
:1027A000FB681B681A68FB681B6842F480721A6039
:1027B000FB68002283F83C20FB681B8D002B07D0B0
:1027C000FB681B685A68FB681B6842F4E0625A6049
:1027D000002300E0022318461C37BD4680BC70472A
:1027E0000000002089B5F8140000FFFF80B588B014
:1027F00000AF78600023BB617B681B685B687B610E
:102800007B68DB6A3B617B6893F83E30FB737B68D7
:1028100093F83D30BB73FB7B102B03D0FB7B402B2D
:1028200040F0C1807B681B689B69BB617B681B684B
:102830005B69FB61FB6903F00103002B0DD13B6970
:10284000B3F52A0F03D03B69B3F12A4F01D101231D
:1028500000E00023012B00F03281FB6903F001034B
:10286000002B0CD07B695B0A03F00103002B06D020
:10287000786801F089FC786800F087FD92E0FB69D8
:10288000DB0803F00103002B09D07B695B0A03F02E
:102890000103002B03D0786800F0FCFD82E0FB69A7
:1028A0005B0803F00103002B09D07B695B0A03F08E
:1028B0000103002B03D0786800F015FE72E0BB69BD
:1028C0009B0803F00103002B3BD07B681B685B680F
:1028D00003F40063B3F5006F00F0F380FB69DB09DC
:1028E00003F00103002B0FD07B699B0A03F0010367
:1028F000002B09D0FB699B0803F00103002B03D1D7
:10290000786800F0DFF94DE0FB699B0803F00103F4
:10291000002B00F0D6807B695B0A03F00103002BDB
:1029200000F0CF80BB7B212B03D1786800F066FAE2
:10293000C7E0FB7B402B40F0C480786800F0D4FAFD
:10294000BFE07B681B685B6803F40063B3F5006F4E
:1029500000F0B780FB699B0903F00103002B0FD047
:102960007B699B0A03F00103002B09D0FB699B08DC
:1029700003F00103002B03D1786800F04DFB11E058
:10298000FB699B0803F00103002B00F09A807B6930
:102990005B0A03F00103002B00F09380786800F0DD
:1029A00003FC8EE08DE07B681B6C002B04D07B6801
:1029B0001B685B69FB6107E07B681B689B69BB6107
:1029C0007B681B685B69FB61FB695B0803F00103C3
:1029D000002B12D07B695B0A03F00103002B0CD0A3
:1029E0007B681B6C002B03D07B681B689B69BB61F9
:1029F000B969786800F0CEFF66E0FB691B0903F057
:102A00000103002B09D07B695B0A03F00103002B53
:102A100003D0786801F008F856E0BB7B212B02D088
:102A2000BB7B292B25D1FB69DB0903F00103002BBC
:102A30000FD07B699B0A03F00103002B09D0FB69CF
:102A40009B0803F00103002B03D1786800F0E6FE39
:102A500039E0FB699B0803F00103002B33D07B694D
:102A60005B0A03F00103002B2DD0786800F013FF00
:102A700029E0FB699B0903F00103002B0FD07B6960
:102A80009B0A03F00103002B09D0FB699B0803F0AC
:102A90000103002B03D1786800F01DFF14E0FB69EF
:102AA0009B0803F00103002B0ED07B695B0A03F047
:102AB0000103002B08D0786800F04BFF04E000BF52
:102AC00002E000BF00E000BF2037BD4680BD80B5FA
:102AD0008AB000AF78607B681B685B693B627B688B
:102AE0001B685B68FB6100237B627B6893F83E3068
:102AF000FB763B6A1B0A03F00103002B16D0FB692F
:102B00001B0A03F00103002B10D07B6A43F0010382
:102B10007B627B681B686FF480725A617B681B68FC
:102B20001A687B681B6842F400421A603B6A5B0AC1
:102B300003F00103002B0ED0FB691B0A03F0010315
:102B4000002B08D07B6A43F002037B627B681B6822
:102B50006FF400725A613B6A9B0A03F00103002B79
:102B60003FD0FB691B0A03F00103002B39D0FB7E29
:102B7000BB767B685B8D9BB27B617B6893F83D3055
:102B8000FB747B681B6BFB60BB7E202B12D17B69C7
:102B9000002B0FD1FB7C212B08D0FB7C292B05D0EF
:102BA000FB7C282B06D1FB68212B03D1786801F030
:102BB0006BF816E07B681B686FF480625A617B6A71
:102BC00043F004037B62FB7E102B02D0FB7E402B84
:102BD00007D17B681B681A687B681B6842F4007227
:102BE0001A603B6ADB0A03F00103002B0ED0FB697D
:102BF0001B0A03F00103002B08D07B6A43F0080393
:102C00007B627B681B686FF400625A617B6A002BF1
:102C100008D07B681A6C7B6A1A437B681A647868F0
:102C200001F0A6F800BF2837BD4680BD80B483B050
:102C300000AF786000BF0C37BD4680BC704780B4E1
:102C400083B000AF786000BF0C37BD4680BC7047D2
:102C500080B483B000AF786000BF0C37BD4680BC45
:102C6000704780B483B000AF786000BF0C37BD46BA
:102C700080BC704780B483B000AF78600B46FB70B7
:102C800013463B8000BF0C37BD4680BC704780B404
:102C900083B000AF786000BF0C37BD4680BC704782
:102CA00080B483B000AF786000BF0C37BD4680BCF5
:102CB000704780B483B000AF786000BF0C37BD466A
:102CC00080BC704780B584B000AF78607B6893F8B3
:102CD0003D30FB737B6893F83E30BB737B68DB6AE7
:102CE000BB607B681B8D002B50D1FB7B212B4DD112
:102CF000BB68082B1DD0BB68202B1AD0BB6813F50E
:102D0000803F16D07B681B685A687B681B6822F47A
:102D1000E0625A607B6811221A637B68002283F8A4
:102D20003E207B68202283F83D207868FFF77EFFF5
:102D300060E07B681B685A687B681B6822F4E0626D
:102D40005A607B681B681A687B681B6842F40072D3
:102D50001A607B6800221A637B68202283F83D207A
:102D60007B6893F83E30DBB2402B07D17B680022B2
:102D700083F83E207868FFF793FF3BE07B680022F2
:102D800083F83E207868FFF751FF33E0FB7B212B6F
:102D900005D0BB7B402B2DD1FB7B222B2AD17B681E
:102DA0005B8D9BB2002B08D17B681B685A687B68DF
:102DB0001B6822F480625A601CE07B6893F83E3006
:102DC000DBB2402B03D1786800F08EF812E07B680C
:102DD0005B6A1A787B681B681A617B685B6A5A1C9D
:102DE0007B685A627B685B8D9BB2013B9AB27B68C1
:102DF0005A85FFE700BF1037BD4680BD80B584B05F
:102E000000AF78607B68DB6AFB607B6893F83D30DD
:102E1000DBB2212B64D17B685B8D9BB2002B12D07F
:102E20007B685B6A1A787B681B681A617B685B6ADF
:102E30005A1C7B685A627B685B8D9BB2013B9AB2DD
:102E40007B685A854CE0FB68082B1DD0FB68202B63
:102E50001AD0FB6813F5803F16D07B681B685A6850
:102E60007B681B6822F4E0625A607B6811221A6357
:102E70007B68002283F83E207B68202283F83D2077
:102E80007868FFF7D3FE2BE07B681B685A687B6885
:102E90001B6822F4E0625A607B681B681A687B68D2
:102EA0001B6842F400721A607B6800221A637B6818
:102EB000202283F83D207B6893F83E30DBB2402B24
:102EC00007D17B68002283F83E207868FFF7E8FE90
:102ED00006E07B68002283F83E207868FFF7A6FEB4
:102EE00000BF1037BD4680BD80B584B000AF7860AC
:102EF0007B6893F83D30FB737B681B6D002B1DD105
:102F00007B68DB6C012B0BD17B689B6CDAB27B6836
:102F10001B681A617B681B6D9A1C7B681A6577E0D9
:102F20007B689B6C9BB21B12DAB27B681B681A61D0
:102F30007B681B6D5A1C7B681A6569E07B681B6D9A
:102F4000012B0BD17B689B6CDAB27B681B681A6122
:102F50007B681B6D5A1C7B681A6559E07B681B6D8A
:102F6000022B52D1FB7B222B0DD17B681B681A6888
:102F70007B681B6842F480721A607B681B6D5A1C68
:102F80007B681A6544E07B685B8D9BB2002B15D093
:102F9000FB7B212B12D17B685B6A1A787B681B68EC
:102FA0001A617B685B6A5A1C7B685A627B685B8D1E
:102FB0009BB2013B9AB27B685A8529E07B685B8DA6
:102FC0009BB2002B24D1FB7B212B21D17B681B687A
:102FD0005A687B681B6822F4E0625A607B681B6851
:102FE0001A687B681B6842F400721A607B680022D2
:102FF0001A637B68202283F83D207B68002283F8D7
:103000003E207868FFF74CFE02E07868FFF722FB6D
:1030100000BF1037BD4680BD80B584B000AF78607A
:103020007B6893F83D30DBB2222B40F0B9807B689F
:10303000DB6AFB607B685B8D9BB2BB60BB68032B6C
:1030400021D97B681B681A697B685B6AD2B21A70E7
:103050007B685B6A5A1C7B685A627B685B8D9BB29B
:10306000013B9AB27B685A857B685B8D9BB2032BD0
:1030700040F096807B681B685A687B681B6822F466
:1030800080625A608CE07B68DB6A022B7FD0BB6871
:10309000012B02D0BB68002B79D1786801F042F88F
:1030A0000346002B4CD17B681B681A687B681B6841
:1030B00022F480621A607B681B685A687B681B6810
:1030C00022F4E0625A607B681B681A697B685B6A5D
:1030D000D2B21A707B685B6A5A1C7B685A627B6842
:1030E0005B8D9BB2013B9AB27B685A857B6820223C
:1030F00083F83D207B6893F83E30DBB2402B0AD149
:103100007B68002283F83E207B6800221A6378687F
:1031100005F02CF944E07B68002283F83E20FB6830
:10312000082B02D0FB68202B03D17B6800221A6396
:1031300002E07B6812221A637868FFF780FD2FE0B7
:103140007B681B685A687B681B6822F4E0625A60DF
:103150007B681B681A697B685B6AD2B21A707B68ED
:103160005B6A5A1C7B685A627B685B8D9BB2013B31
:103170009AB27B685A857B68202283F83D207B6861
:10318000002283F83E20786805F004F908E07B68A7
:103190001B685A687B681B6822F480625A60FFE7EC
:1031A00000BF1037BD4680BD80B584B000AF7860E9
:1031B0007B68DB6AFB607B685B8D9BB2042B1BD159
:1031C0007B681B685A687B681B6822F480625A60BF
:1031D0007B681B681A697B685B6AD2B21A707B686D
:1031E0005B6A5A1C7B685A627B685B8D9BB2013BB1
:1031F0009AB27B685A85C4E07B685B8D9BB2032BD7
:1032000029D17B681B685A687B681B6822F480623E
:103210005A60FB68042B0AD0FB68022B07D07B683E
:103220001B681A687B681B6822F480621A607B68DE
:103230001B681A697B685B6AD2B21A707B685B6A2A
:103240005A1C7B685A627B685B8D9BB2013B9AB2C9
:103250007B685A8595E07B685B8D9BB2022B7DD1A4
:10326000FB68012B02D0FB68102B08D17B681B6820
:103270001A687B681B6822F480621A6016E0FB689B
:10328000042B02D0FB68022B08D17B681B681A68EC
:103290007B681B6842F480621A6007E07B681B68E9
:1032A0001A687B681B6842F400721A607B681B68AE
:1032B0001A697B685B6AD2B21A707B685B6A5A1CB7
:1032C0007B685A627B685B8D9BB2013B9AB27B68DC
:1032D0005A857B681B681A697B685B6AD2B21A7070
:1032E0007B685B6A5A1C7B685A627B685B8D9BB209
:1032F000013B9AB27B685A857B681B685A687B6879
:103300001B6822F440725A607B68202283F83D20BB
:103310007B6893F83E30DBB2402B0AD17B680022F9
:1033200083F83E207B6800221A63786805F01EF857
:1033300027E07B68002283F83E20FB68082B02D040
:10334000FB68202B03D17B6800221A6302E07B68B4
:1033500012221A637868FFF772FC12E07B681B6820
:103360001A697B685B6AD2B21A707B685B6A5A1C06
:103370007B685A627B685B8D9BB2013B9AB27B682B
:103380005A8500BF1037BD4680BD80B483B000AF02
:1033900078607B6893F83E30DBB2402B17D17B68B6
:1033A0001B6D002B09D17B685B6CDBB21A467B6816
:1033B0001B6802F0FE021A6167E07B685B6CDBB29F
:1033C00043F00103DAB27B681B681A615DE07B6839
:1033D0001B69B3F5804F33D17B6893F83D30DBB286
:1033E000212B09D17B685B6CDBB21A467B681B68BA
:1033F00002F0FE021A6108E07B685B6CDBB243F00E
:103400000103DAB27B681B681A617B685B6B002B77
:1034100004D07B685B6B9B6A002B08D17B689B6B3D
:10342000002B32D07B689B6B9B6A002B2DD07B6876
:103430001B685A687B681B6842F400625A6024E08B
:103440007B681B6D002B0ED17B685B6C9BB2DB1124
:10345000DBB203F00603DBB263F00F03DAB27B6882
:103460001B681A6111E07B681B6D012B0DD17B6815
:103470005B6C9BB2DB11DBB203F00603DBB263F0E3
:103480000E03DAB27B681B681A6100BF0C37BD46B9
:1034900080BC704780B483B000AF78607B685B6CA1
:1034A000DAB27B681B681A617B685B6B002B04D007
:1034B0007B685B6B9B6A002B08D17B689B6B002B46
:1034C0000CD07B689B6B9B6A002B07D07B681B68CA
:1034D0005A687B681B6842F400625A6000BF0C3770
:1034E000BD4680BC704780B491B000AF78607B6807
:1034F00093F83E3087F83F307B68DB6ABB637B68BC
:103500001B6B7B637B6893F83D30DBB2222B40F072
:1035100074817B681B6D002B0FD197F83F30402BD7
:103520000BD100233B637B681B685B693B637B6853
:103530001B689B693B633B6B6BE17B681B6D002BDE
:103540001DD17B681B69B3F5404F18D10023FB6286
:103550007B681B685B69FB627B681B689B69FB621D
:10356000FB6A7B681B681A687B681B6842F4807280
:103570001A607B681B6D5A1C7B681A6549E17B6881
:103580005B8D9BB2002B13D10023BB627B681B6851
:103590005B69BB627B681B689B69BB62BB6A7B68BB
:1035A0001B681A687B681B6842F400721A6020E18D
:1035B0007B685B8D9BB2012B40F08A80BB6B13F55F
:1035C000803F37D17B681B681A687B681B6822F4D0
:1035D00080621A607B681B685B6803F40063B3F564
:1035E000006F13D17B681B681A687B681B6822F424
:1035F00080621A6000237B627B681B685B697B6268
:103600007B681B689B697B627B6AF2E000233B62FC
:103610007B681B685B693B627B681B689B693B62DC
:103620003B6A7B681B681A687B681B6842F40072FF
:103630001A60DEE0BB6B082B2ED0BB6B202B2BD08F
:103640007B6B122B02D1BB6B012B25D1BB6B042BE7
:103650000ED0BB6B022B0BD0BB6B102B08D07B6842
:103660001B681A687B681B6822F480621A6007E096
:103670007B681B681A687B681B6842F480621A606A
:103680000023FB617B681B685B69FB617B681B68CF
:103690009B69FB61FB69ACE07B681B681A687B680F
:1036A0001B6822F480621A600023BB617B681B6880
:1036B0005B69BB617B681B689B69BB61BB697B689D
:1036C0001B681A687B681B6842F400721A6090E0FD
:1036D0007B685B8D9BB2022B58D1BB6B042B21D036
:1036E000BB6B022B1ED0BB6B102B1BD07B681B68E7
:1036F0001A687B681B6842F400621A6000237B61D1
:103700007B681B685B697B617B681B689B697B616D
:103710007B697B681B681A687B681B6822F480627F
:103720001A6012E07B681B681A687B681B6842F4A9
:1037300080621A6000233B617B681B685B693B61A8
:103740007B681B689B693B613B697B681B685B68A6
:1037500003F40063B3F5006F4BD1BB6B13F5803FEF
:103760000BD0BB6B012B08D0BB6B082B05D0BB6B00
:10377000102B02D0BB6B202B3BD17B681B685A6897
:103780007B681B6842F480525A6032E07B681B6899
:103790001A687B681B6842F480621A607B681B6849
:1037A0005B6803F40063B3F5006F17D1BB6B13F5CF
:1037B000803F0BD0BB6B012B08D0BB6B082B05D017
:1037C000BB6B102B02D0BB6B202B07D17B681B6817
:1037D0005A687B681B6842F480525A600023FB6081
:1037E0007B681B685B69FB607B681B689B69FB608F
:1037F000FB687B6800221A650BE00023BB607B68D6
:103800001B685B69BB607B681B689B69BB60BB68AE
:10381000FFE700BF4437BD4680BC704780B584B029
:1038200000AF78607B6893F83D30FB737B685B8DFD
:103830009BB2002B2BD07B685B6A1A787B681B6875
:103840001A617B685B6A5A1C7B685A627B685B8D75
:103850009BB2013B9AB27B685A857B685B8D9BB2B9
:10386000002B14D1FB7B292B11D17B681B685A6874
:103870007B681B6822F480625A607B6821221A638D
:103880007B68282283F83D207868FFF7E1F900BFC4
:103890001037BD4680BD80B483B000AF78607B68D0
:1038A0005B8D9BB2002B11D07B685B6A1A787B68BA
:1038B0001B681A617B685B6A5A1C7B685A627B686A
:1038C0005B8D9BB2013B9AB27B685A8500BF0C3777
:1038D000BD4680BC704780B584B000AF78607B681F
:1038E00093F83D30FB737B685B8D9BB2002B2CD033
:1038F0007B681B681A697B685B6AD2B21A707B6846
:103900005B6A5A1C7B685A627B685B8D9BB2013B89
:103910009AB27B685A857B685B8D9BB2002B14D171
:10392000FB7B2A2B11D17B681B685A687B681B685C
:1039300022F480625A607B6822221A637B68282204
:1039400083F83D207868FFF78CF900BF1037BD463B
:1039500080BD80B483B000AF78607B685B8D9BB224
:10396000002B12D07B681B681A697B685B6AD2B235
:103970001A707B685B6A5A1C7B685A627B685B8D35
:103980009BB2013B9AB27B685A8500BF0C37BD469B
:1039900080BC704780B584B000AF78603960002388
:1039A000FB737B6893F83D30DBB203F02803282BD0
:1039B00027D17B681B685A687B681B6822F4806289
:1039C0005A603B689B0803F00103002B01D10123DF
:1039D000FB733B68DB0903F00103002B03D17B6819
:1039E000DB68BB8102E07B689B69BB817B6800224E
:1039F00083F83C20BA89FB7B19467868FFF73AF9CF
:103A00000EE00023BB607B681B685B69BB607B6862
:103A10001B689B69BB60BB687B68002283F83C2005
:103A200000BF1037BD4680BD80B584B000AF786060
:103A30007B6893F83D30FB737B681B685A687B6832
:103A40001B6822F4E0625A600023BB607B681B683D
:103A50005B69BB607B681B681A687B681B6842F007
:103A600001021A60BB687B681B681A687B681B6868
:103A700022F480621A607B681B685B6803F4006351
:103A8000B3F5006F72D1FB7B222B02D0FB7B2A2B7C
:103A900035D17B689B6B1B685B689AB27B685A85E3
:103AA0007B685B8D9BB2002B05D07B681B6C43F061
:103AB00004027B681A647B681B685A687B681B6811
:103AC00022F400625A607B689B6B184600F02AFC67
:103AD0000346012B49D07B689B6B694A5A637B681C
:103AE0009B6B184600F0A6FB0346002B3DD07B687D
:103AF0009B6B5B6B7A68926B1046984735E07B68EE
:103B00005B6B1B685B689AB27B685A857B685B8DD0
:103B10009BB2002B05D07B681B6C43F004027B68D2
:103B20001A647B681B685A687B681B6822F4006211
:103B30005A607B685B6B184600F0F4FB0346012B70
:103B400014D07B685B6B4E4A5A637B685B6B18468C
:103B500000F070FB0346002B08D07B685B6B5B6B4F
:103B60007A68526B1046984700E000BF7B685B8D17
:103B70009BB2002B3ED07B681B685B6903F004039B
:103B8000042B12D17B681B681A697B685B6AD2B20E
:103B90001A707B685B6A5A1C7B685A627B685B8D13
:103BA0009BB2013B9AB27B685A857B681B685B6954
:103BB00003F04003402B12D17B681B681A697B68B5
:103BC0005B6AD2B21A707B685B6A5A1C7B685A6265
:103BD0007B685B8D9BB2013B9AB27B685A857B68A0
:103BE0005B8D9BB2002B05D07B681B6C43F00402FD
:103BF0007B681A647B681B6C002B03D0786800F02C
:103C0000B7F839E0FB7B2A2B09D17B6800221A63C5
:103C10007B68282283F83D207868FFF722F87B68CC
:103C200093F83D30DBB2282B11D17B68154ADA625C
:103C30007B6800221A637B68202283F83D207B6822
:103C4000002283F83E207868FFF721F814E07B68B3
:103C50001B6B222B02D0FB7B222B0DD17B68002219
:103C60001A637B68202283F83D207B68002283F85A
:103C70003E207868FEF7F5FF00BF1037BD4680BDD7
:103C8000D53F00080000FFFF80B584B000AF78602A
:103C90007B6893F83D30FB737B68DB6ABB60BB6875
:103CA000082B02D0BB68202B29D1FB7B282B26D1E7
:103CB0007B682E4ADA627B681B685A687B681B68DF
:103CC00022F4E0625A607B681B686FF480625A617C
:103CD0007B681B681A687B681B6822F480621A6024
:103CE0007B6800221A637B68202283F83D207B6872
:103CF000002283F83E207868FEF7C9FF31E0FB7BA5
:103D0000212B29D17B68194ADA627B6821221A6348
:103D10007B68202283F83D207B68002283F83E20C8
:103D20007B681B685A687B681B6822F4E0625A60F3
:103D30007B681B686FF480625A617B681B681A6835
:103D40007B681B6822F480621A607868FEF782FC48
:103D50007868FEF77DFF04E07B681B686FF4806283
:103D60005A6100BF1037BD4680BD00BF0000FFFF95
:103D700080B584B000AF78607B6893F83D30FB730A
:103D80007B6893F83E30BB73BB7B102B02D0BB7BB0
:103D9000402B0AD1FB7B222B07D17B681B681A685A
:103DA0007B681B6822F400621A60FB7B03F0280327
:103DB000282B07D17B6800221A637B68282283F8AE
:103DC0003D2015E07B681B685B6803F40063B3F576
:103DD000006F0AD0FB7B602B07D07B68202283F822
:103DE0003D207B68002283F83E207B6800221A6316
:103DF0007B681B685B6803F40063B3F5006F62D1F6
:103E00007B681B685A687B681B6822F400625A60F2
:103E10007B685B6B93F82130DBB2012B20D07B6891
:103E20005B6B6A4A5A637B685B6B184600F002FA68
:103E30000346002B00F089807B681B681A687B684A
:103E40001B6822F001021A607B68202283F83D2063
:103E50007B685B6B5B6B7A68526B1046984774E0CB
:103E60007B689B6B594A5A637B689B6B184600F0D2
:103E7000E1F90346002B68D07B681B685B6903F09F
:103E80004003402B0BD17B681B681A697B685B6A17
:103E9000D2B21A707B685B6A5A1C7B685A627B6874
:103EA0001B681A687B681B6822F001021A607B6835
:103EB000202283F83D207B689B6B5B6B7A68926B5A
:103EC0001046984741E07B6893F83D30DBB2602BA9
:103ED00025D17B68202283F83D207B6800221A646C
:103EE0007B681B685B6903F04003402B0BD17B6848
:103EF0001B681A697B685B6AD2B21A707B685B6A5E
:103F00005A1C7B685A627B681B681A687B681B684E
:103F100022F001021A607868FEF7CBFE15E07B689C
:103F20001B685B6903F04003402B0BD17B681B6867
:103F30001A697B685B6AD2B21A707B685B6A5A1C2A
:103F40007B685A62786804F025FA7B681B6CBB605A
:103F5000BB6803F00103002B0ED1BB6803F0020322
:103F6000002B09D1BB6803F00403002B04D1BB680C
:103F700003F00803002B07D07B681B685A687B6836
:103F80001B6822F4E0625A607B6893F83D30FB7353
:103F90007B681B6C03F00403042B13D1FB7B282BE1
:103FA00010D17B680A4ADA627B6800221A637B6858
:103FB000202283F83D207B68002283F83E20786829
:103FC000FEF765FE00BF1037BD4680BDD53F000837
:103FD0000000FFFF80B586B000AF78600023FB6073
:103FE0007B685B6A7B617B6993F83D30FB744B4B6C
:103FF0001B68DB084A4AA2FB03231A0A13469B00EC
:104000001344DA00D31AFB60FB68002B06D17B69EE
:104010001B6C43F020027B691A640AE0FB68013BD9
:10402000FB607B691B681B6803F40073B3F5007FBA
:10403000EAD07B695B6B002B03D07B695B6B002252
:104040009A627B699B6B002B03D07B699B6B002280
:104050009A627B691B681A687B691B6822F480621C
:104060001A607B6900225A857B695B6B002B03D049
:104070007B695B6B00225A637B699B6B002B03D0CF
:104080007B699B6B00225A637B691B681A687B699A
:104090001B6822F001021A607B6993F83D30DBB2A5
:1040A000602B0ED17B69202283F83D207B690022A2
:1040B00083F83E207B6900221A647869FEF7F9FDD7
:1040C00027E0FB7C03F02803282B17D17B691B68B2
:1040D0001A687B691B6842F001021A607B691B68E1
:1040E0001A687B691B6842F480621A607B6900224F
:1040F0001A637B69282283F83D2007E07B69202230
:1041000083F83D207B69002283F83E20786904F023
:1041100041F900BF1837BD4680BD00BF0000002038
:1041200089B5F81480B485B000AF78600023FB60D7
:10413000134B1B68DB08134AA2FB03231A0A13461E
:104140009B001344FB60FB68013BFB60FB68002B9A
:1041500007D17B681B6C43F020027B681A64012343
:1041600008E07B681B681B6803F40073B3F5007FED
:10417000E9D0002318461437BD4680BC704700BF05
:104180000000002089B5F81480B483B000AF7860D7
:104190007B68DB6AB3F52A0F03D17B680122DA6200
:1041A00007E07B68DB6AB3F12A4F02D17B68082203
:1041B000DA6200BF0C37BD4680BC704780B485B062
:1041C00000AF78600023FB737B6893F82130DBB28B
:1041D000022B08D07B6804229A637B68002283F854
:1041E0002020012320E07B681B681A687B681B681D
:1041F00022F00E021A607B681B681A687B681B68D5
:1042000022F001021A607B681A6C7B68DB6B01216B
:1042100001FA02F25A607B68012283F821207B6850
:10422000002283F82020FB7B18461437BD4680BC53
:104230007047000080B584B000AF78600023FB7346
:104240007B6893F82130DBB2022B05D07B68042217
:104250009A630123FB7351E07B681B681A687B68D3
:104260001B6822F00E021A607B681B681A687B6864
:104270001B6822F001021A607B681B68224A934285
:1042800029D07B681B68214A934222D07B681B6837
:104290001F4A93421AD07B681B681E4A934212D071
:1042A0007B681B681C4A93420AD07B681B681B4AC8
:1042B000934202D14FF480130EE04FF080730BE075
:1042C0004FF4803308E04FF4805305E04FF48073DF
:1042D00002E0102300E00123114A53607B680122B1
:1042E00083F821207B68002283F820207B685B6BA9
:1042F000002B03D07B685B6B78689847FB7B184684
:104300001037BD4680BD00BF080002401C000240BF
:104310003000024044000240580002406C0002405D
:104320000000024080B483B000AF78607B6893F8EF
:104330002130DBB218460C37BD4680BC7047000008
:1043400080B485B000AF78607B6803F00703FB6042
:104350000C4BDB68BB60BA684FF6FF031340BB60D1
:10436000FB681A02BB68134343F0BF6343F4003396
:10437000BB60044ABB68D36000BF1437BD4680BC35
:10438000704700BF00ED00E080B400AF044BDB6875
:104390001B0A03F007031846BD4680BC704700BFE8
:1043A00000ED00E080B483B000AF0346FB7197F9E5
:1043B0000730002B0BDBFB7903F01F02064997F94E
:1043C00007305B09012000FA02F241F8232000BF08
:1043D0000C37BD4680BC704700E100E080B483B07C
:1043E00000AF03463960FB7197F90730002B0ADBF9
:1043F0003B68DAB20C4997F907301201D2B20B448C
:1044000083F800230AE03B68DAB20849FB7903F03D
:104410000F03043B1201D2B20B441A7600BF0C37D3
:10442000BD4680BC704700BF00E100E000ED00E049
:1044300080B489B000AFF860B9607A60FB6803F0BF
:104440000703FB61FB69C3F10703042B28BF0423A7
:10445000BB61FB690433062B02D9FB69033B00E017
:1044600000237B614FF0FF32BB6902FA03F3DA43AA
:10447000BB681A407B699A404FF0FF317B6901FAB3
:1044800003F3D9437B680B40134318462437BD46DA
:1044900080BC704780B582B000AF78607B68013B1C
:1044A000B3F1807F01D301230FE00A4A7B68013B0F
:1044B00053600F214FF0FF30FFF790FF054B0022B4
:1044C0009A60044B07221A60002318460837BD463D
:1044D00080BD00BF10E000E080B582B000AF786022
:1044E0007868FFF72DFF00BF0837BD4680BD80B557
:1044F00086B000AF0346B9607A60FB7300237B612E
:10450000FFF742FF78617A68B9687869FFF790FF32
:10451000024697F90F3011461846FFF75FFF00BFBC
:104520001837BD4680BD80B582B000AF0346FB7131
:1045300097F907301846FFF735FF00BF0837BD462B
:1045400080BD80B582B000AF78607868FFF7A2FFC9
:10455000034618460837BD4680BD80B582B000AF1F
:1045600078607B68002B01D1012342E07B6893F8DF
:104570004130DBB2002B06D17B68002283F840205B
:10458000786801F081F97B68242283F841207B68F8
:104590001B68DA687B681B6822F40052DA6078686E
:1045A00000F0C2FC7B681B681A697B681B6822F4F8
:1045B00090421A617B681B685A697B681B6822F00D
:1045C0002A025A617B681B68DA687B681B6842F4C0
:1045D0000052DA607B6800225A647B68202283F8EC
:1045E00041207B68202283F842207B6800225A63A6
:1045F000002318460837BD4680BD80B584B000AFA3
:10460000F860B9601346FB80FB6893F84230DBB278
:10461000202B12D1BB68002B02D0FB88002B01D1CC
:1046200001230BE0FB6800221A63FB881A46B96875
:10463000F86800F0A4FA034600E002231846103799
:10464000BD4680BD80B5BAB000AF78607B681B689E
:104650001B68C7F8E4307B681B68DB68C7F8E0308C
:104660007B681B685B69C7F8DC300023C7F8D8306B
:104670000023C7F8D430D7F8E43003F00F03C7F8AD
:10468000D830D7F8D830002B0FD1D7F8E43003F06A
:104690002003002B09D0D7F8E03003F02003002BD3
:1046A00003D0786800F081FB5BE2D7F8D830002BAC
:1046B00000F0DE80D7F8DC3003F00103002B06D1D8
:1046C000D7F8E03003F49073002B00F0D180D7F8D6
:1046D000E43003F00103002B0BD0D7F8E03003F4F3
:1046E0008073002B05D07B685B6C43F001027B6814
:1046F0005A64D7F8E43003F00403002B0BD0D7F84A
:10470000DC3003F00103002B05D07B685B6C43F0C9
:1047100002027B685A64D7F8E43003F00203002BEE
:104720000BD0D7F8DC3003F00103002B05D07B68F9
:104730005B6C43F004027B685A64D7F8E43003F002
:104740000803002B11D0D7F8E03003F02003002B32
:1047500005D1D7F8DC3003F00103002B05D07B68CE
:104760005B6C43F008027B685A647B685B6C002BCF
:1047700000F0F281D7F8E43003F02003002B08D0DA
:10478000D7F8E03003F02003002B02D0786800F067
:104790000CFB7B681B685B6903F04003002B14BFB4
:1047A00001230023DBB2C7F8D4307B685B6C03F0D5
:1047B0000803002B03D1D7F8D430002B4FD07868F2
:1047C00000F016FA7B681B685B6903F04003002B5E
:1047D00041D07B681B681433C7F89C30D7F89C30F5
:1047E00053E8003FC7F89830D7F8983023F04003DB
:1047F000C7F8D0307B681B681433D7F8D020C7F8CF
:10480000A820C7F8A430D7F8A410D7F8A82041E80A
:104810000023C7F8A030D7F8A030002BD9D17B688F
:10482000DB6B002B13D07B68DB6B7E4A5A637B68A3
:10483000DB6B1846FFF7FEFC0346002B16D07B68A7
:10484000DB6B5B6B7A68D26B104698470EE078683A
:1048500004F0BCF80AE0786804F0B8F806E078687C
:1048600004F0B4F87B6800225A6475E100BF73E17C
:104870007B681B6B012B40F04F81D7F8E43003F0CD
:104880001003002B00F04881D7F8E03003F010034C
:10489000002B00F041810023BB607B681B681B6814
:1048A000BB607B681B685B68BB60BB687B681B6820
:1048B0005B6903F04003002B00F0B6807B68DB6B84
:1048C0001B685B68A7F8BE30B7F8BE30002B00F05D
:1048D00045817B689B8DB7F8BE209A4280F03E816F
:1048E0007B68B7F8BE20DA857B68DB6B9B69202B81
:1048F00000F088807B681B680C33C7F88830D7F8D5
:10490000883053E8003FC7F88430D7F8843023F468
:104910008073C7F8B8307B681B680C33D7F8B820B1
:10492000C7F89420C7F89030D7F89010D7F89420A3
:1049300041E80023C7F88C30D7F88C30002BD9D150
:104940007B681B6814337B677B6F53E8003F3B67D2
:104950003B6F23F00103C7F8B4307B681B68143346
:10496000D7F8B420C7F88020FB67F96FD7F880200C
:1049700041E80023BB67BB6F002BE1D17B681B685C
:1049800014333B663B6E53E8003FFB65FB6D23F041
:104990004003C7F8B0307B681B681433D7F8B020E9
:1049A000FA66BB66B96EFA6E41E800237B667B6EE1
:1049B000002BE3D17B68202283F842207B68002211
:1049C0001A637B681B680C33FB64FB6C53E8003F85
:1049D000BB64BB6C23F01003C7F8AC307B681B686A
:1049E0000C33D7F8AC20BA657B65796DBA6D41E8B8
:1049F00000233B653B6D002BE3D17B68DB6B1846E6
:104A0000FFF7DCFB7B6802225A637B689A8D7B6828
:104A1000DB8D9BB2D31A9BB21946786800F0A4F8DC
:104A20009CE000BFB54C00087B689A8D7B68DB8DED
:104A30009BB2D31AA7F8CE307B68DB8D9BB2002BDC
:104A400000F08E80B7F8CE30002B00F089807B68B4
:104A50001B680C33BB63BB6B53E8003F7B637B6B12
:104A600023F49073C7F8C8307B681B680C33D7F801
:104A7000C8207A643B64396C7A6C41E80023FB639C
:104A8000FB6B002BE3D17B681B6814337B627B6A72
:104A900053E8003F3B623B6A23F00103C7F8C43090
:104AA0007B681B681433D7F8C4203A63FB62F96A49
:104AB0003A6B41E80023BB62BB6A002BE3D17B6801
:104AC000202283F842207B6800221A637B681B68DF
:104AD0000C333B613B6953E8003FFB60FB6823F00C
:104AE0001003C7F8C0307B681B680C33D7F8C020B0
:104AF000FA61BB61B969FA6941E800237B617B69AE
:104B0000002BE3D17B6802225A63B7F8CE301946F6
:104B1000786800F029F823E0D7F8E43003F0800348
:104B2000002B09D0D7F8E03003F08003002B03D02E
:104B3000786800F0D3F814E0D7F8E43003F04003CD
:104B4000002B0ED0D7F8E03003F04003002B08D044
:104B5000786800F012F904E000BF02E000BF00E056
:104B600000BFE837BD4680BD80B483B000AF786039
:104B70000B467B8000BF0C37BD4680BC704780B4BD
:104B800085B000AFF860B9601346FB80FB68BA6877
:104B90009A62FB68FA889A85FB68FA88DA85FB686E
:104BA00000225A64FB68222283F84220FB681B69BA
:104BB000002B07D0FB681B68DA68FB681B6842F4AF
:104BC0008072DA60FB681B685A69FB681B6842F0F8
:104BD00001025A61FB681B68DA68FB681B6842F0D7
:104BE0002002DA60002318461437BD4680BC7047A7
:104BF00080B495B000AF78607B681B680C337B6332
:104C00007B6B53E8003F3B633B6B23F49073FB6487
:104C10007B681B680C33FA6C3A64FB63F96B3A6C83
:104C200041E80023BB63BB6B002BE5D17B681B68AD
:104C300014333B623B6A53E8003FFB61FB6923F09E
:104C40000103BB647B681B681433BA6CFA62BB62F5
:104C5000B96AFA6A41E800237B627B6A002BE5D1DE
:104C60007B681B6B012B19D17B681B680C33FB60C5
:104C7000FB6853E8003FBB60BB6823F010037B6414
:104C80007B681B680C337A6CBA617B617969BA699D
:104C900041E800233B613B69002BE5D17B68202282
:104CA00083F842207B6800221A6300BF5437BD4658
:104CB00080BC704780B584B000AF78607B685B6A69
:104CC000FB60FB680022DA85FB680022DA84F86862
:104CD00003F07CFE00BF1037BD4680BD80B485B0B8
:104CE00000AF78607B6893F84130DBB2212B3ED176
:104CF0007B689B68B3F5805F14D17B681B69002BD0
:104D000010D17B681B6AFB60FB681B881A467B68B6
:104D10001B68C2F308025A607B681B6A9A1C7B6896
:104D20001A6208E07B681B6A591C7A6811621A785B
:104D30007B681B685A607B68DB8C9BB2013B9BB233
:104D40007A681946D184002B0FD17B681B68DA681A
:104D50007B681B6822F08002DA607B681B68DA6877
:104D60007B681B6842F04002DA60002300E0022307
:104D700018461437BD4680BC704780B582B000AF7E
:104D800078607B681B68DA687B681B6822F04002E9
:104D9000DA607B68202283F84120786803F00BFEFC
:104DA000002318460837BD4680BD80B58CB000AFE3
:104DB00078607B6893F84230DBB2222B40F0AE8003
:104DC0007B689B68B3F5805F17D17B681B69002BFC
:104DD00013D10023FB627B689B6ABB627B681B6804
:104DE0005B689BB2C3F308039AB2BB6A1A807B6804
:104DF0009B6A9A1C7B689A6226E07B689B6AFB62CE
:104E00000023BB627B689B68B3F5805F07D07B683B
:104E10009B68002B0AD17B681B69002B06D17B683D
:104E20001B685B68DAB2FB6A1A7008E07B681B6873
:104E30005B68DBB203F07F03DAB2FB6A1A707B684F
:104E40009B6A5A1C7B689A627B68DB8D9BB2013B34
:104E50009BB27A681946D185002B5DD17B681B68AF
:104E6000DA687B681B6822F02002DA607B681B68C6
:104E7000DA687B681B6822F48072DA607B681B68E2
:104E80005A697B681B6822F001025A617B68202204
:104E900083F842207B6800225A637B681B6B012BDE
:104EA00035D17B6800221A637B681B680C337B61F9
:104EB0007B6953E8003F3B613B6923F010037B6251
:104EC0007B681B680C337A6A3A62FB61F9693A6A5B
:104ED00041E80023BB61BB69002BE5D17B681B68FF
:104EE0001B6803F01003102B0AD10023FB607B68C2
:104EF0001B681B68FB607B681B685B68FB60FB686A
:104F00007B689B8D19467868FFF72EFE02E0786873
:104F100003F040FD002302E0002300E002231846D6
:104F20003037BD4680BD000080B584B000AF7860EA
:104F30007B681B681B6923F440517B68DA687B68D7
:104F40001B680A431A617B689A687B681B691A436D
:104F50007B685B691343BB607B681B68DB6823F479
:104F6000B05323F00C037A681268B9680B43D3601E
:104F70007B681B685B6923F440717B689A697B6876
:104F80001B680A435A617B681B682C4A934203D111
:104F9000FDF734F8F86002E0FDF71CF8F860FA68F5
:104FA00013469B0013449A001A447B685B689B007D
:104FB000B2FBF3F3224AA2FB03235B091901FA684F
:104FC00013469B0013449A001A447B685B689B005D
:104FD000B2FBF3F21A4BA3FB02035B09642000FB54
:104FE00003F3D31A1B013233154AA2FB03235B09D7
:104FF00003F0F0031944FA6813469B0013449A0027
:105000001A447B685B689B00B2FBF3F20C4BA3FB7A
:1050100002035B09642000FB03F3D31A1B01323344
:10502000074AA2FB03235B0903F00F027B681B689E
:105030000A449A6000BF1037BD4680BD0038014069
:105040001F85EB5180B500AFFCF798FB00F015F819
:1050500000F06CF800F0D8F800F072F900F0C4F934
:1050600000F044FA00F092FB00F0BAFB00F0E2FB23
:1050700001F012FE02F0F4FAFCE780B590B000AF48
:1050800007F11803282200211846FBF737FB3B1DC8
:1050900000221A605A609A60DA601A610123BB61CB
:1050A0004FF48033FB6100233B620123BB62022388
:1050B0007B634FF48033BB634FF4E013FB6307F172
:1050C00018031846FCF7BCFB0346002B01D000F088
:1050D00019F80F237B600223BB600023FB604FF4B1
:1050E00080633B6100237B613B1D02211846FCF776
:1050F00029FE0346002B01D000F004F800BF403722
:10510000BD4680BD80B400AF064B00225A63054BFC
:1051100000229A63044B4FF470425A6172B600BF8A
:1051200000BFFDE700040040000C014080B588B0DE
:1051300000AF07F1100300221A605A609A60DA602B
:105140002E4B9B692D4A43F0100393612B4B9B69B7
:1051500003F01003FB60FB68284B9B69274A43F070
:1051600020039361254B9B6903F02003BB60BB6860
:10517000224B9B69214A43F0040393611F4B9B69B7
:1051800003F004037B607B681C4B9B691B4A43F064
:1051900008039361194B9B6903F008033B603B686C
:1051A00001224FF400511648FDF7DEF800224FF4BB
:1051B00070411448FDF7D8F84FF400533B610123C8
:1051C0007B610023BB610223FB6107F110031946D9
:1051D0000B48FCF745FF4FF470433B6101237B61B3
:1051E0000023BB610223FB6107F110031946054848
:1051F000FCF736FF00BF2037BD4680BD00100240DF
:1052000000100140000C014080B500AF124B134A62
:105210001A60114B124A5A600F4B00229A600E4BD3
:105220000022DA600C4B4FF480421A610A4B0022D4
:105230005A61094B00229A61074B0022DA61064B42
:1052400000221A620448FDF7C1F80346002B01D082
:10525000FFF758FF00BF80BD300000200054004021
:10526000A086010080B58AB000AF786007F1140312
:1052700000221A605A609A60DA607B681B682C4AC8
:10528000934251D12B4B9B692A4A43F0010393610E
:10529000284B9B6903F001033B613B69254B9B69EC
:1052A000244A43F008039361224B9B6903F00803EF
:1052B000FB60FB681F4BDB691E4A43F40013D3619C
:1052C0001C4BDB6903F40013BB60BB681A4B5B68C3
:1052D0007B627B6A43F0E0637B627B6A43F002039C
:1052E0007B62154A7B6A53604FF440737B611223E3
:1052F000BB610123FB6103233B6207F114031946E1
:105300000E48FCF7ADFE002205211F20FFF7EFF845
:105310001F20FFF708F9002205212020FFF7E7F8FA
:105320002020FFF700F900E000BF2837BD4680BD10
:10533000005400400010024000000140000C0140F9
:1053400080B58CB000AF07F10C0324220021184671
:10535000FBF7D4F93B1D00221A605A60214B4FF035
:1053600080421A601F4B00225A601E4B00229A6036
:105370001C4B4FF6FF72DA601A4B00221A61194B70
:1053800000229A610323FB6000233B6101237B61C0
:105390000023BB610823FB6100233B6201237B6286
:1053A0000023BB620823FB6207F10C0319460D487A
:1053B000FBF784FB0346002B01D0FFF7A3FE00237D
:1053C0007B600023BB603B1D19460648FCF778F95B
:1053D0000346002B01D0FFF795FE00BF3037BD46D6
:1053E00080BD00BF8400002080B58EB000AF07F103
:1053F000280300221A605A609A60DA6007F12003DD
:1054000000221A605A603B1D00221A605A609A609E
:10541000DA601A615A619A61324B334A1A60314B31
:1054200000225A602F4B00229A602E4B40F60F62EA
:10543000DA602C4B00221A612A4B00229A6129481B
:10544000FBF78EF90346002B01D0FFF75BFE4FF40C
:105450008053BB6207F1280319462248FBF7B8FDC9
:105460000346002B01D0FFF74DFE1E48FBF7C7F99E
:105470000346002B01D0FFF745FE00233B620023CB
:105480007B6207F1200319461648FCF719F9034619
:10549000002B01D0FFF736FE60237B600023BB604A
:1054A0000023FB6000237B613B1D002219460D4851
:1054B000FBF7CCFC0346002B01D0FFF723FE3B1D7E
:1054C000042219460748FBF7C1FC0346002B01D014
:1054D000FFF718FE034800F013F900BF3837BD4648
:1054E00080BD00BFCC0000200004004080B58CB01F
:1054F00000AF07F10C03242200211846FBF7FEF849
:105500003B1D00221A605A60204B214A1A601F4B33
:1055100000225A601D4B00229A601C4B4FF6FF720E
:10552000DA601A4B00221A61184B00229A61032399
:10553000FB6000233B6101237B610023BB610823E7
:10554000FB6100233B6201237B620023BB620823D3
:10555000FB6207F10C0319460C48FBF7AFFA034650
:10556000002B01D0FFF7CEFD00237B600023BB6042
:105570003B1D19460548FCF7A3F80346002B01D054
:10558000FFF7C0FD00BF3037BD4680BD14010020CD
:105590000008004080B58CB000AF786007F11C03B4
:1055A00000221A605A609A60DA607B681B68B3F167
:1055B000804F4FD13E4BDB693D4A43F00103D3613D
:1055C0003B4BDB6903F00103BB61BB69384B9B6953
:1055D000374A43F004039361354B9B6903F004039E
:1055E0007B617B69324B9B69314A43F008039361CD
:1055F0002F4B9B6903F008033B613B694FF4004369
:10560000FB6100233B6200237B6207F11C03194608
:105610002848FCF725FD0823FB6100233B6200239B
:105620007B6207F11C0319462348FCF719FD234B45
:105630005B68FB62FB6A23F44073FB62FB6A43F026
:10564000E063FB62FB6A43F48073FB621B4AFB6A04
:10565000536028E07B681B68194A934223D1144B9E
:10566000DB69134A43F00403D361114BDB6903F098
:105670000403FB60FB680E4B9B690D4A43F0080373
:1056800093610B4B9B6903F00803BB60BB68C023AD
:10569000FB6100233B6200237B6207F11C03194678
:1056A0000548FCF7DDFC00BF3037BD4680BD00BFBC
:1056B0000010024000080140000C014000000140C1
:1056C0000008004080B485B000AF78607B681B683C
:1056D000094A93420BD1094BDB69084A43F00203A4
:1056E000D361064BDB6903F00203FB60FB6800BF7C
:1056F0001437BD4680BC70470004004000100240D3
:1057000080B588B000AF786007F10C0300221A6002
:105710005A609A60DA607B681B68184A934229D104
:10572000174B9B69164A43F008039361144B9B691E
:1057300003F00803BB60BB683023FB6002233B61BE
:105740000223BB6107F10C0319460E48FCF788FCE5
:105750000D4B5B68FB61FB6923F44063FB61FB69F4
:1057600043F0E063FB61FB6943F40063FB61064ABD
:10577000FB69536000BF2037BD4680BD0004004078
:1057800000100240000C01400000014080B500AF55
:10579000114B124A1A60104B4FF4E1325A600E4B13
:1057A00000229A600C4B0022DA600B4B00221A6137
:1057B000094B0C225A61084B00229A61064B0022C9
:1057C000DA610548FEF7C9FE0346002B01D0FFF75A
:1057D00099FC00BF80BD00BF5C0100200038014083
:1057E00080B500AF114B124A1A60104B4FF4E132F2
:1057F0005A600E4B00229A600C4B0022DA600B4B71
:1058000000221A61094B0C225A61084B00229A614E
:10581000064B0022DA610548FEF79FFE0346002B87
:1058200001D0FFF76FFC00BF80BD00BFA4010020C6
:105830000044004080B500AF114B124A1A60104B73
:105840004FF4E1325A600E4B00229A600C4B00225A
:10585000DA600B4B00221A61094B0C225A61084B8B
:1058600000229A61064B0022DA610548FEF775FEB8
:105870000346002B01D0FFF745FC00BF80BD00BFF1
:10588000EC0100200048004080B58CB000AF78608B
:1058900007F1200300221A605A609A60DA607B6880
:1058A0001B685F4A93423AD15E4B9B695D4A43F461
:1058B000804393615B4B9B6903F48043FB61FB690D
:1058C000584B9B69574A43F004039361554B9B69BE
:1058D00003F00403BB61BB694FF400733B62022316
:1058E0007B620323FB6207F1200319464E48FCF755
:1058F000B7FB4FF480633B6200237B620123BB62F2
:1059000007F1200319464848FCF7AAFB00220521AD
:105910002520FEF7ECFD2520FEF705FE7CE07B68E8
:105920001B68424A934238D13E4BDB693D4A43F4FF
:105930000033D3613B4BDB6903F400337B617B694C
:10594000384B9B69374A43F004039361354B9B699D
:1059500003F004033B613B6904233B6202237B6247
:105960000323FB6207F1200319462F48FCF778FB5D
:1059700008233B6200237B620123BB6207F1200303
:1059800019462948FCF76CFB002205212620FEF76A
:10599000AEFD2620FEF7C7FD3EE07B681B68244A6B
:1059A000934239D11F4BDB691E4A43F48023D361F4
:1059B0001C4BDB6903F48023FB60FB68194B9B697C
:1059C000184A43F008039361164B9B6903F00803E0
:1059D000BB60BB684FF480633B6202237B6203239E
:1059E000FB6207F1200319461248FCF739FB4FF41C
:1059F00000633B6200237B620123BB6207F120034B
:105A000019460C48FCF72CFB002205212720FEF745
:105A10006EFD2720FEF787FD00BF3037BD4680BDF5
:105A200000380140001002400008014000440040DE
:105A300000480040000C014080B400AF00BFFDE70B
:105A400080B400AF00BFFDE780B400AF00BFFDE74A
:105A500080B400AF00BFFDE780B400AF00BFFDE73A
:105A600080B400AF00BFBD4680BC704780B400AFBB
:105A700000BFBD4680BC704780B400AF00BFBD46CC
:105A800080BC704780B500AFFBF7BEFE00BF80BD95
:105A900080B500AF0248FEF7D5FD00BF80BD00BF56
:105AA0005C01002080B500AF0248FEF7CBFD00BFCF
:105AB00080BD00BFA401002080B500AF0248FEF702
:105AC000C1FD00BF80BD00BFEC01002080B500AF6C
:105AD0000248FCF78BFE00BF80BD00BF30000020F5
:105AE00080B500AF0248FCF7F2FF00BF80BD00BFE9
:105AF0003000002080B588B000AF07F10C03002211
:105B00001A605A609A60DA60254B9B69244A43F018
:105B100001039361224B9B6903F00103BB60BB68E7
:105B20001F4BDB691E4A43F08053D3611C4BDB697A
:105B300003F080537B607B681A4B5B68FB61FB69F9
:105B400023F0E063FB61FB6943F00073FB61154ADE
:105B5000FB695360124B9B69114A43F00803936140
:105B60000F4B9B6903F008033B603B6800224FF238
:105B700030010D48FCF7F8FB4FF23003FB600123C6
:105B80003B6100237B610223BB6107F10C031946D3
:105B90000548FCF765FA00BF2037BD4680BD00BF51
:105BA0000010024000000140000C0140FAF7D2FD55
:105BB0000B480C490C4A002302E0D458C45004336B
:105BC000C4188C42F9D3094A094C002301E0136040
:105BD0000432A242FBD3FAF799FDFFF733FA70477C
:105BE000000000200C00002078B000081000002009
:105BF00024390020FEE780B483B000AFC7E900017C
:105C0000D7E90023B2F1004F73F1000302DB6FF01C
:105C100000430AE0D7E90023B2F1004F73F1FF33EC
:105C200002DA4FF0004300E03B6818460C37BD46EF
:105C300080BC704780B400AF044B00221A70044B44
:105C400000221A7000BFBD4680BC7047440200208D
:105C5000450200202DE9B04F8EB000AF5B4B5B7862
:105C600087F82F305A4B1B785A1E584B9B5C6B2B76
:105C700005D0584B1B680133564A1360A1E097F8D2
:105C80002F20554B1A6097F82F30362B40F08F801D
:105C90004E4BDB781A064D4B1B791B041A434B4BBA
:105CA0005B791B021A43494B9B791343BB62BB6A66
:105CB000002218461146C7E90C01444B9B78002B83
:105CC0000BD0D7E90C2300215042386161EB03036C
:105CD0007B61D7E90423C7E90C23404B1B680022F2
:105CE0009A4693463B6B0BFB03F27B6B0AFB03F379
:105CF00013443A6BA2FB0A894B44994642464B46F1
:105D0000002B08DA4FF6FF715118B96043F1000318
:105D1000FB60D7E902234FF000004FF00001100CA8
:105D200040EA03401914C7E908017B6B2C4A03FBC6
:105D300002F23B6B002101FB03F313443A6B284949
:105D4000A2FB01452B441D4622462B46002B08DAB8
:105D50004FF6FF715118396043F100037B60D7E9BA
:105D600000234FF000004FF00001100C40EA034008
:105D70001914C7E90601D7E90C01FFF73CFF0346F8
:105D8000184A1360D7E90801FFF735FF0346164AA2
:105D90001360D7E90601FFF72EFF0346134A13608D
:105DA000134B01221A60134B00221A6004E0074BC8
:105DB0009B781A460F4B1A600F4B1B6801330E4A33
:105DC00013603837BD46BDE8B08F00BF3C020020ED
:105DD00045020020540200205C020020380200200E
:105DE000407E050064020020680200206C02002052
:105DF00058020020600200205002002080B582B0CE
:105E000000AF0346FB71244B1B78002B0FD1234BB3
:105E10001B78FA799A423BD11F4B1B785A1CD1B29E
:105E20001D4A117019461E4AFB79535431E01A4B32
:105E30001B78072B07D91B4B1B680133194A1360CA
:105E4000FFF7F8FE25E0144B1B785A1CD1B2124A1A
:105E500011701946124AFB7953540F4B1B78022BD1
:105E600007D1FB79362B01D1082200E004220E4B2A
:105E70001A700D4B1B78002B0BD0074B1A780A4B6E
:105E80001B789A4205D3FFF7E5FEFFF7D3FE00E04B
:105E900000BF0837BD4680BD440200203402002008
:105EA0003C020020540200204502002080B582B050
:105EB00000AF03463960FB71FB79002B02D03B68D1
:105EC000002B01D1002326E0154AFB791370154AF7
:105ED0003B681360FFF7AEFE134B00221A60134BB2
:105EE00000221A60124B00221A60124B00221A6024
:105EF000114B00221A60114B00221A60104B002235
:105F00001A60104B00221A600F4B00221A600F4BD0
:105F100001221A60012318460837BD4680BD00BF24
:105F200034020020380200204C02002050020020E1
:105F300054020020580200205C0200206002002071
:105F400064020020680200206C0200204802002049
:105F500080B582B000AF03E0FB791846FFF74EFF33
:105F6000FB1D184602F05AFC0346002BF4D100BF7B
:105F700000BF0837BD4680BD80B483B000AF7860F5
:105F80007B68002BB8BF5B4218460C37BD4680BC0F
:105F9000704700002DE9B00F87B000AFF860B9601E
:105FA000F968C8170C460546B968C8170A4603467B
:105FB000A11A396065EB03037B60D7E90034C7E9B8
:105FC000043408E0D7E90423124912EB010A43F133
:105FD000FF3BC7E904ABD7E904230F498A4273F1B9
:105FE0000003EFDA08E0D7E904230C4912EB0108BB
:105FF00043F10009C7E90489D7E9042308498A4223
:1060000073F1FF33EFDB3B6918461C37BD46BDE833
:10601000B00F7047C081FAFF21BF0200407E05002B
:10602000E040FDFF80B487B000AFF860B9607A60EF
:106030007B684FF4C87202FB03F37B617B69002B22
:1060400001DC01237B61FA687B691344BA689A42D8
:1060500003DDFA687B6913440AE0FA687B69D31AA6
:10606000BA689A4203DAFA687B69D31A00E0BB681F
:1060700018461C37BD4680BC7047000080B400AF96
:106080000A4B00221A600A4B00221A60094B0022B8
:106090001A60094B00221A60084B00221A60084B54
:1060A00000221A6000BFBD4680BC7047F00300208C
:1060B000F4030020F8030020FC030020000400206B
:1060C000040400202DE9B04F90B000AF786339632D
:1060D0004B4B1A687B6B934200F08D80494B1A68DA
:1060E000494B1A60464A7B6B1360484A0023136091
:1060F000454B1A687B6B9B1A1846FFF73DFFF86308
:10610000FB6B002B02D03B6B002B09DC3D4A7B6B09
:1061100013603F4B00221A603E4B00221A606BE076
:10612000FB6BDA179A46934652465B469118B96064
:106130005B41FB60D7E9022312EB0A0443EB0B053A
:106140004FF000024FF000032B0143EA14732201C9
:1061500014461D46B4EB0A0865EB0B094FF000022C
:106160004FF000034FEAC90343EA58734FEAC802ED
:1061700090469946B8EB0A033B6069EB0B037B60E2
:106180004FF000024FF00003D7E9004529468B008D
:1061900020462946044643EA947301468A00396B37
:1061A000C817B962F862D7E90A4521465118396221
:1061B000294643EB01017962D7E908120B46013BFE
:1061C000BB61134643F1FF33FB613B6BDA173B6165
:1061D0007A61D7E90423D7E90601FAF7F7F902460D
:1061E0000B460C4B1A600B4B1B68002B04D1094B60
:1061F00001221A6000E000BF4037BD46BDE8B08F05
:10620000F8030020F0030020F40300200004002025
:10621000FC030020040400202DE9B04FB0B000AF13
:10622000C7F894000D4B1B68002B09D10C4B1B6861
:106230000C4A13600C4B00221A600A4B1B689EE14B
:10624000064B1A68094B1B68D21AD7F89430934250
:106250000ED3024B1A68054B1A6010E004040020AC
:10626000F8030020F0030020FC03002000040020BD
:10627000BA4B1A68D7F894301A44B84B1A60B74B27
:106280001B6800223B647A64D7E91023C7E92E23F8
:10629000B34B1B680022BB63FA63D7E90E23C7E93F
:1062A0002C23D7F8B420D7F8B03003FB02F1D7F88D
:1062B000B420D7F8B03002FB03F3CA18D7F8B030D7
:1062C000A3FB034553191D46D7F8B43004FB03F272
:1062D000D7F8B03005FB03F31A44D7F8B030A3FB6E
:1062E00004AB02EB0B039B46C7E92AABC7E92AAB19
:1062F0009C4B1B68DA17BB66FA669B4B1B68DA1768
:106300003B667A66D7E91A120846D7E918341D4663
:10631000401B3863234662EB03037B63D7E90C34ED
:10632000C7E92834D7F8BC20D7F8B83003FB02F10E
:10633000D7F8BC20D7F8B83002FB03F3CA18D7F857
:10634000B830A3FB0331C7F88C10C7F88830D7F8F2
:106350008C30D318C7F88C30D7E92C0102460B4695
:106360009418BC625B41FB62D7E90A231418BC6530
:106370004B41FB65D7E92E23911839625B417B6263
:10638000D7E90823D7E916010446A41A3C6561EB56
:1063900003037B65D7E922342246D7E914AB514683
:1063A00001FB02F25D4618462146034603FB05F356
:1063B000134402465146A2FB012179673A677A6F7E
:1063C00013447B67D7E91C34C7E92634C7E9263470
:1063D000D7F8A420D7F8983003FB02F1D7F89C2017
:1063E000D7F8A03002FB03F31944D7F8A020D7F860
:1063F0009830A2FB0332C7F88420C7F88030D7F862
:106400008430CB18C7F88430D7E92A23D7E9200194
:10641000FAF7DCF802460B46534B1B681A44534B01
:106420001A60D7F8A420D7F8B83003FB02F1D7F8E8
:10643000BC20D7F8A03002FB03F31944D7F8A02002
:10644000D7F8B830A2FB0332FA67BB67FB6FCB18F3
:10645000FB67D7E92C01D7E92E23841ABC6461EBD2
:106460000303FB64D7E91E342246D7E912AB514639
:1064700001FB02F25D4618462146034603FB05F385
:10648000134402465146A2FB01894B4499464246B9
:106490004B469118B9615B41FB61D7E9062312EBCA
:1064A0000801396143EB09037B614FF000024FF0B3
:1064B0000003D7E9044529460B0120462946044636
:1064C00043EA147301460A011C4613461A46B2EB0E
:1064D0000802BA60234663EB0903FB604FF0000239
:1064E0004FF00003D7E902452946CB002046294654
:1064F000044643EA54730146CA001C4613461A4632
:10650000B2EB08023A60234663EB09037B604FF06D
:1065100000024FF00003D7E9004529460B01204651
:106520002946044643EA147301460A0110461946F7
:10653000D7E92A23FAF74AF802460B460C4B1A60B1
:10654000064B1A68064B1B689A4216D3054B1B680C
:10655000064A1360064B00221A600BE0000400207C
:1065600004040020F8030020F4030020F0030020BE
:10657000FC030020044B00221A60044B1B681846E1
:10658000C037BD46BDE8B08F04040020F0030020F2
:1065900080B400AF054B1B68002B0CBF0123002308
:1065A000DBB21846BD4680BC704700BF0404002023
:1065B0002DE9B04F8AB000AF78617869FFF7DCFC55
:1065C00078627B6A40F6C412934202DD40F6C4133F
:1065D0007B627B6ADA179A46934652465B4691186D
:1065E000B9605B41FB60D7E9022312EB0A0443EB7D
:1065F0000B054FF000024FF00003AB0043EA947329
:10660000A20014461D4614EB0A0845EB0B0918EBD3
:1066100008033B6049EB09037B60D7E900894046EA
:10662000494640F6C4124FF00003F9F7CFFF024687
:106630000B4613461233FB61FB695A427B6902FB2E
:1066400003F33B623B6A094A934202DD074B3B621C
:1066500005E03B6A064A934201DA054B3B623B6A1E
:1066600018462837BD46BDE8B08F00BFA0860100A0
:106670006079FEFF80B485B000AFF860B9607A60E1
:106680003B60FB681B68002B10D1214B1A68BB686C
:106690001A601F4B1A687B681A601E4B1A683B68A9
:1066A0001A601C4B1A68BB691A6027E0BB681A683D
:1066B000174B1B689A4203DD154B1A68BB681A60BA
:1066C0007B681A68124B1B689A4203DA104B1A68EF
:1066D0007B681A603B681A680E4B1B689A4203DDA0
:1066E0000C4B1A683B681A60BB691A68094B1B6837
:1066F0009A4203DA074B1A68BB691A60FB681B6889
:106700005A1CFB681A6000BF1437BD4680BC704736
:106710001C0500202405002080B586B002AF7860FB
:106720000B46FB706D4B1B78012B40F0D080FB7843
:10673000002B1ED06A4B1B68022B1AD1694B1B68B9
:106740001846FFF719FC034642F20F72934208DD28
:10675000654B0093654B664A66496748FFF78AFFB9
:1067600007E0664B0093664B664A67496748FFF748
:1067700081FF674B1B687A68D31A632B40F2A980AC
:10678000634A7B681360634B1B68FB60624B1A684B
:106790006249FB689B010B441A60514B1A685F49C0
:1067A000FB689B010B4404331A605D4B1A685B491C
:1067B000FB689B010B4408331A605A4B1A6857490F
:1067C000FB689B010B440C331A60574B1A68534902
:1067D000FB689B010B4410331A60544B1A684F49F5
:1067E000FB689B010B4414331A603E4B1A684B49FB
:1067F000FB689B010B4418331A604D4B1A684749DC
:10680000FB689B010B441C331A604A4B1A684349CE
:10681000FB689B010B4420331A60474B1A683F49C1
:10682000FB689B010B4424331A60444B1A683B49B4
:10683000FB689B010B4428331A60414B1A683749A7
:10684000FB689B010B442C331A603E4B1A6833499A
:10685000FB689B010B4430331A603B4B1A682F498D
:10686000FB689B010B4434331A60384B1A682B4980
:10687000FB689B010B4438331A60354B1B68002BB7
:1068800002D0344B1B6801E0334B1B682349FA6884
:1068900092010A443C321360FB680133FB60FB68E1
:1068A000BF2B01D90023FB601A4AFB6813602B4BF6
:1068B0001B68BF2B05D8294B1B680133274A13607F
:1068C00008E0274B1B680133254A136002E000BF34
:1068D00000E000BF1037BD4680BD00BF7002002041
:1068E000B805002084050020EC350020E8350020A4
:1068F000E4350020E0350020DC350020D8350020CC
:10690000D4350020D0350020CC350020C8350020FB
:1069100008040020C03500209C050020BC05002094
:10692000300500201C05002034050020240500202F
:10693000A4050020A8050020E4040020E8040020AD
:10694000BC040020C00400200C050020100500201D
:10695000EC380020FC380020F0380020BC35002046
:10696000C43500202DE9B04F92B002AF7861396193
:10697000FA6007F1180300937B69FA683969664881
:1069800002F0E3FF034683F00103DBB2002B01D0EA
:106990000023BCE03B6A614A13607B6A604A136073
:1069A000BB6A604A1360FB6A5F4A13603B6B5F4AD5
:1069B00013605F4B1B6801335D4A13603B6A7A6A60
:1069C00019465C4802F0FEF903465B4A13605B4BD4
:1069D0001B78002B65D0584B1A68594B1B68D31A8B
:1069E000DA179846914642464B464FF000004FF06A
:1069F0000001590141EAD261500102460B46B2EB57
:106A0000080463EB09054FF000024FF00003AB00F0
:106A100043EA9473A20014461D4614EB080A45EBA2
:106A2000090B4FF000024FF000034FEACB0343EA9B
:106A30005A734FEACA0292469B46504659463B6BF0
:106A400000223B607A60D7E90023F9F7BFFD0246D8
:106A50000B461346FB633B4AFB6B13603A4B1B68C8
:106A6000FA6BD31A002B00DA03339B101A46364B0D
:106A70001B681344344A1360334B1A68334B1B684A
:106A80009A4203DD304B1B68304A13602E4B1A6864
:106A90002F4B1B689A420DDA2B4B1B682C4A136054
:106AA00008E0284B00221A60274B00221A60234B73
:106AB00001221A70204B1B68214A1360BA69FB69D6
:106AC00024491C4802F05EFA224B1B68224A1360DC
:106AD000204B5B68214A13603B6A1846FFF74CFA6B
:106AE000B8637B6A1846FFF747FA78631C4B1B684C
:106AF000BA6B9A4202DD1A4ABB6B1360194B1B68D2
:106B00007A6B9A4202DD174A7B6B136001231846A9
:106B10004037BD46BDE8B08F8C020020BC04002089
:106B2000C0040020C4040020C8040020DC040020AD
:106B3000B8040020100300201C050020C40300201E
:106B4000C003002020050020240500202805002087
:106B50002C05002020030020380500203C050020E3
:106B6000CC040020D004002080B483B000AF786053
:106B700039603B68002B02DA7B685B4200E07B688F
:106B800018460C37BD4680BC704700002DE9B04F59
:106B900086B000AF78613961FA6001F0FBFD00203A
:106BA00001F0CEFC2D4B00221A602D4B00221A6002
:106BB0002C4A7B6913602C4A3B6913602B4AFB68A3
:106BC00013602B4B1B68002B3FD02A4BD3E90001ED
:106BD000274B1B6800223B607A60D7E90023F9F756
:106BE000F5FC02460B46244B1A60244BD3E9000106
:106BF0001F4B1B6800229A46934652465B46F9F7A4
:106C0000E5FC02460B461E4B1A601E4BD3E9000101
:106C1000174B1B6800229846914642464B46F9F7AF
:106C2000D5FC02460B46184B1A60184BD3E90001FD
:106C30000F4B1B6800221C46154622462B46F9F7CF
:106C4000C5FC02460B46124B1A60124B02221A7008
:106C500000BF1837BD46BDE8B08F00BFE404002078
:106C6000E8040020EC040020D4040020D804002014
:106C7000F004002098040020F4040020A004002068
:106C8000F8040020A8040020FC040020B004002028
:106C9000000500207002002080B588B008AF0020F9
:106CA00001F04EFC01F0FAFC034683F00103DBB275
:106CB000002B03D001F06EFDFEF724FA01F040F93D
:106CC000034683F00103DBB2002B03D001F062FD29
:106CD000FEF718FA012003F091FC034683F001034C
:106CE000DBB2002B03D001F055FDFEF70BFA01F0EB
:106CF00065FB034683F00103DBB2002B03D001F0F8
:106D000049FDFEF7FFF903F003FF034683F001039B
:106D1000DBB2002B03D001F03DFDFEF7F3F99A4BF7
:106D200000221A60994B00221A60994B00221A60C7
:106D3000984B00221A6001F037FD0346002B04D067
:106D40004FF448610120FFF7B1F8934B00221A700D
:106D5000FAF76CFD0346914A1360904B1B68904A0A
:106D60001360904B00221A608F4B00221A608B4BED
:106D70001B688E4A13608E4B00221A708D4B0022C6
:106D80001A608D4B00221A608C4B00221A608C4BCB
:106D900000221A608B4B00221A608B4B00221A6073
:106DA0008A4B00221A608A4B00221A60894B00220B
:106DB0001A60894B00221A60884B894A1A60894BF5
:106DC00000221A60884B00221A60884B00221A6049
:106DD000874B00221A60874B00221A60864B0022E4
:106DE0001A60864B00221A60854B00221A60854B80
:106DF00000221A60844B40F6B8321A60834B00229E
:106E00001A60834B00221A60824B00221A60824B68
:106E100000221A60814B00221A60814B00221A6006
:106E2000804B00221A60804B00221A607F4B0022A8
:106E30001A607F4B00221A607E4B00221A607E4B44
:106E400000221A607D4B00221A707D4B00221A60CE
:106E50007C4B00221A607C4B4FF496721A607B4B7D
:106E600000221A607A4B00221A607A4B00221A60C4
:106E7000794B7A4A1A607A4B00221A60794B0022C9
:106E80001A60794B00221A60784B00221A60784B06
:106E900000221A60774B00221A60774B00221A609A
:106EA000764B00221A60764B4FF4C8721A60754B0D
:106EB0006A4A1A60744B00221A60744B00221A60EE
:106EC000734B00221A60734B00221A60724B00222F
:106ED0001A60724B00221A60714B00221A60714BCB
:106EE00000221A60704B00221A60704B00221A6058
:106EF0006F4B00221A606F4B00221A606E4B00220B
:106F00001A606E4B00221A606D4B00221A606D4BA6
:106F100000221A606C4B00221A606C4B00221A602F
:106F20006B4B00221A606B4B00221A606A4B0022E6
:106F30001A606A4B00221A60694B00221A60694B82
:106F400000221A60684B00221A60684B00221A6007
:106F5000674B00221A60674B00221A60664B0022C2
:106F60001A60664B00221A60654B00221A60654B5E
:106F700000221A60644B00221A60644B00221A60DF
:106F8000634B00221A60C5E0F0350020F435002084
:106F9000F8350020FC35002070020020740200202B
:106FA000780200207C020020800200208402002061
:106FB00088020020B8040020BC040020C004002087
:106FC000C4040020C8040020CC040020D004002009
:106FD000D4040020D8040020DC040020E0040020B9
:106FE00060F0FFFFE4040020E8040020EC0400202F
:106FF000F0040020F4040020F8040020FC04002029
:107000000005002004050020080500200C050020D4
:107010001005002014050020180500201C05002084
:107020002005002024050020280500202C05002034
:107030003005002034050020C0030020C4030020D8
:10704000380500203C0500204005002044050020B4
:1070500048050020500300204C050020905F0100EF
:107060005005002054050020580500205C05002034
:107070006005002064050020680500206C050020E4
:107080007005002074050020780500207C05002094
:107090008005002084050020880500208C05002044
:1070A0009005002094050020980500209C050020F4
:1070B000A0050020A4050020A8050020AC050020A4
:1070C000B0050020B4050020B8050020BC35002024
:1070D000C0350020C4350020C8350020CC35002044
:1070E000D0350020D4350020D8350020DC350020F4
:1070F000E0350020E4350020E8350020EC350020A4
:10710000C8030020CC030020D0030020D4030020BB
:10711000D80300209F4B00221A609F4B00221A6068
:107120009E4B00221A609E4B00221A609D4B00224B
:107130001A60FEF7A3FF9C4B1B689C4A13609C4B94
:1071400000221A609B4B00221A709B4B00221A707F
:107150009A4B00221A609A4B00221A60994B002227
:107160001A60994B00221A60984B00221A60984BC3
:1071700000221A60974B00221A60974B00221A6077
:10718000964B00221A60964B00221A60954B002203
:107190001A60954B00221A60944B00221A60944B9F
:1071A00000221A60934B00221A60934B00221A604F
:1071B000924B00221A60924B00221A60914B0022DF
:1071C0001A60914B00221A60904B00221A60904B7B
:1071D00000221A608F4B00221A608F4B00221A6027
:1071E0008E4B00221A608E4B00221A608D4B0022BB
:1071F0001A708D4B00221A608C4B00221A608C4B47
:1072000000221A608B4B00221A608B4B00221A60FE
:107210008A4B00221A608A4B00221A60894B002296
:107220001A70894B00221A70884B00221A60884B12
:1072300000221A60874B00221A60874B00221A60D6
:10724000864B00221A60864B00221A60854B002272
:107250001A70854B00221A60844B00221A60844BFE
:1072600000221A60834B00221A60834B00221A60AE
:10727000824B00221A60824B00221A60814B00224E
:107280001A70814B00221A70804B00221A70804BBA
:1072900000221A607F4B00221A607F4B00221A6086
:1072A0007E4B00221A607E4B00221A607D4B00222A
:1072B0001A607D4B00221A607C4B00221A607C4BC6
:1072C00000221A607B4B00221A607B4B00221A605E
:1072D0007A4B00221A607A4B00221A60794B002206
:1072E0001A60794B00221A60784B00221A60784BA2
:1072F00000221A60774B00221A60774B00221A6036
:10730000764B00221A60764B00221A60754B0022E1
:107310001A60754B00221A60744B00221A60744B7D
:1073200000221A60734B00221A60734B00221A600D
:10733000724B00221A60724B00221A6071494FF0A2
:1073400000024FF00003C1E900236F494FF0000233
:107350004FF00003C1E900236C494FF000024FF0E9
:107360000003C1E900236A494FF000024FF0000317
:10737000C1E900234FF4A56380224121654801F053
:1073800001FC654801F0E0FD0523009364235022D1
:10739000C4E000BFDC030020E0030020E403002081
:1073A000E8030020EC030020740200200804002001
:1073B0000C040020100400201104002000360020DE
:1073C00004360020083600200C360020103600203D
:1073D00014360020183600201C36002020360020ED
:1073E00024360020283600202C360020303600209D
:1073F0003436002054360020583600205C360020F9
:107400006036002064360020683600206C3600208C
:1074100070360020383600203C36002040360020F0
:10742000BC030020120400201404002018040020D3
:107430001C04002020040020240400202804002034
:107440002C040020300400203104002034040020EB
:10745000380400203C0400204004002044040020A4
:10746000480400204C040020500400205404002054
:10747000580400205C040020600400206404002004
:10748000680400206C0400206D0400206E040020BD
:107490007004002074040020780400207C04002084
:1074A0008004002084040020880400208C04002034
:1074B0009004002044360020483600204C3600203E
:1074C0005036002074360020783600207C360020AC
:1074D0008036002084360020883600208C3600203C
:1074E0009036002094360020983600209C360020EC
:1074F000A0360020A4360020A8360020AC3600209C
:10750000B803002098040020A0040020A804002054
:10751000B00400201003002020030020C8214048B0
:1075200001F0C5FF4FF47A7300934CF2503348F6E4
:10753000B8023C493C4801F05AFA4FF47A7301937F
:1075400049F640430093462396224FF4C8713748CA
:1075500001F0B6FA3649354801F0D2FA0346354A09
:10756000136040F2B6324FF0FF31334802F00EF8AC
:1075700047F2305240F6C411304802F01CF9294A53
:107580002C212F4802F02BF92E4B1B68019300236E
:10759000009300234FF4A56214212B4802F0BAF99E
:1075A0009623069340F2523305930023049340F64A
:1075B000C4130393412302934FF4E16301933223F5
:1075C0000093E6234FF496726421204802F034FAC7
:1075D0009623069340F2523305930023049340F61A
:1075E000C4130393412302934FF4E16301933223C5
:1075F0000093E6234FF496726421154802F01CFABA
:1076000041F2707241F28831124801F03BFE12489B
:1076100000F08CFC114800F089FC00BFBD4680BD25
:1076200038030020A0860100540300206C030020D2
:10763000905F01007805002088030020A40300204B
:10764000B0030020740200208C020020A002002061
:10765000CC020020F802002078AF0008A0AF00089C
:10766000B0B590B002AF00F08DFCFAF7DFF8B86269
:10767000B86A03F05FF8B86A03F0C0FAFEF768FC76
:10768000784B1B681946784801F0B6FF0346774AE5
:10769000136000F0C1FD786200F0C8FD38623A6AFC
:1076A000796AB86AFFF75EF90346FB77FB7F002B28
:1076B00013D06F4B5C686B4B1D686421B86A03F094
:1076C0006DF803462A462146674801F0A4FF664844
:1076D00002F066F80346674A1360674B1B78002B7D
:1076E00040F02C81654B1B68BA6AD31AF92B04D978
:1076F00000F03CFF614ABB6A1360614B1B68BA6AC9
:10770000D31A42F20F72934240F2F5836421B86AB1
:1077100003F08CFA0346002B00F0ED836421B86A75
:1077200003F03CF80346002B00F0E583554B1B6843
:10773000002B40F0E083012000F002FF524802F0ED
:10774000A8F9524802F0A5F9514801F0AEFD45F6FE
:10775000C0514F4801F0BEFD4E4B1B684E4A1360AE
:107760004E4B00221A604E4B00221A604D4B0022F5
:107770001A604D4B00221A603D4B1B684B4A136048
:107780003B4B5B684A4A1360384B1B68494A13609D
:10779000494B00221A60494B00221A60FEF76EFC2A
:1077A000474B1B68474A1360474B00221A70474BF0
:1077B00000221A70464B00221A60464B00221A60C3
:1077C000454B00221A60454B00221A60444B0022B0
:1077D0001A60444B00221A60434B00221A60434B4C
:1077E00000221A60424B00221A60424B01221A60AA
:1077F000414B00221A60414B01221A60404B00228B
:107800001A60404B00221A603F4B00221A603F4B27
:1078100000221A603E4B00221A60BB6A643B3D4A5C
:1078200013603D4B00221A603C4B00221A603C4B17
:1078300000221A603B4B00221A603B4B00221A6068
:107840003A4B00221A603A4B1B683A4A13603A4B93
:1078500001221A70084B01221A70094ABB6A136090
:1078600049E300BFA4380020880300205C05002005
:107870002003002060050020700200207802002014
:1078800074020020EC380020A0020020CC0200206E
:10789000F8020020D0380020C8030020CC030020CC
:1078A000D0030020D4030020D8030020DC030020F4
:1078B000E0030020E4030020E8030020EC030020A4
:1078C0008C3800200C04002010040020110400203B
:1078D0008C050020900500209405002098050020CC
:1078E0009C050020A0050020A4050020A80500207C
:1078F000AC050020B0050020B4050020B80500202C
:10790000BC350020C0350020C4350020C83500201B
:10791000DC3500200804002030050020340500205C
:107920002005002024050020280500202C0500202B
:107930001C050020C0030020C40300208A4B1B78D4
:10794000012B40F0D682894B1B68BA6AD31ABB61FF
:10795000874ABB691360874B1A68874B1B68D31A29
:10796000864A1360834B5A68854B1B68D31A1846A6
:10797000FEF702FB0346834A1360834B1A68834B6E
:107980001B689A4221D0814B1B687F4A1360804B51
:107990001B68804A126811461846FEF7FBFA024639
:1079A0007D4B1B6813447C4A1360794B1B68794AF2
:1079B0001360794B1B68794A1360774B1B68184634
:1079C000FEF7DAFA0346764A13604FF4FA71B86AA2
:1079D00002F0E4FE034683F00103DBB2002B08D083
:1079E000704B00221A603A6A796A0620FFF7CEF8D7
:1079F00081E26421B86A03F019F9034683F00103B8
:107A0000DBB2002B05D03A6A796A0420FFF7BEF892
:107A100071E2654B1B7883F00103DBB2002B09D0C8
:107A2000BB69624A934205D93A6A796A0320FFF733
:107A3000ADF860E25E4B1A685E4B1B689A4262D0FA
:107A40005C4B1B685A4A13605B4B1B68002B1BD1B5
:107A50005A4B1B68002B13D0584B1B68032B0FD8B5
:107A6000574B1B680133564A1360554B1B68042B58
:107A700049D9514B01221A60524B00221A6042E050
:107A80004F4B00221A603EE0474B1B7883F0010306
:107A9000DBB2002B37D0494B1A684B4B1B689A421C
:107AA00003D9464B1B68484A1360BB69B3F57A7F1C
:107AB00026D33B4B1B68454A934221DD3F4B1B6855
:107AC000022B1DD93F4B1B6801333E4A13603D4BCF
:107AD0001A683F4B1B689A4203D93A4B1B683C4AD1
:107AE0001360384B1B68002B0DD02F4B01221A70EE
:107AF000384B01221A60214B1B68374A136002E0A1
:107B0000304B00221A60284B1B7883F00103DBB254
:107B1000002B11D0314B1B68002B0DD0304B1B7844
:107B200083F00103DBB2002B0DD02D4B01221A7024
:107B30002C4ABB6A136006E0284B1B68002B02D15D
:107B4000274B00221A70264B1B78002B4CD0254B5C
:107B50001B68BA6AD31A952B46D93A6A796A052006
:107B6000FFF714F8C7E100BF700200207402002084
:107B70009C05002020030020DC030020A00500203D
:107B8000E0030020A80500200C0400208C38002011
:107B90005C050020E4030020E8030020AC05002081
:107BA000A4050020B005002011040020BFD401006E
:107BB000C8030020D03800208C050020E8380020C1
:107BC000CC030020D003002094050020FFE1040036
:107BD0009805002090050020B4050020EC38002016
:107BE00010040020D8030020FB7F002B00F08381CD
:107BF000914B1B78002B09D000237B63FA233B6356
:107C00000023FB628D4B04221A6022E08C4B1B6820
:107C1000002B02D08B4B1B6801E08B4B1B687B61F8
:107C20007869FEF7C5FCF862884B1B68884A934266
:107C300007DD64237B63A0233B63804B03221A6030
:107C400007E04FF4AF737B63A0233B637B4B0122C0
:107C50001A60804B1B68804A1268F96A1846FEF762
:107C6000E1F938617B4A3B691360396B786BFEF749
:107C700029FA794B1B681846FEF7CEFAF8606E4B6E
:107C80001B7883F00103DBB2002B0DD07B6BB3F5C7
:107C9000AF7F09D1FEF77CFC0346002B01D0022305
:107CA00000E00123654A13606C4B1B686C4A13604B
:107CB0006C4B1B686C4A13606C4A3B6913606C4ADE
:107CC000FB6813606B4A3B69136007F108023B1DB8
:107CD000009313463A69F968674800F069FFBA688B
:107CE0007B681344DA0F13445B101A46634B1A6027
:107CF0007A68BB68D31ADA0F13445B101A46604BDC
:107D00001A605E4B1B685E4A126819465D4801F0B6
:107D1000F2FA514B1B6819465A4801F06AFB594860
:107D200001F0AFFB0346584A1360564801F0B4FB1C
:107D30000346564A1360404B1B78002B1DD0524B14
:107D40001B68002B19D1514B1B68002B15D1504BD0
:107D50001B681846FEF710F90346782B0DDC4D4BD7
:107D60001B681846FEF708F90346782B05DC4A4BDA
:107D70001B680133484A136002E0474B00221A6037
:107D8000454B1B68042B0ED9444B01221A602B4B28
:107D900005221A60344B00221A603A6A796A002080
:107DA000FEF7F4FEA7E0244B1B7883F00103DBB25F
:107DB000002B29D0BB6940F2ED22934224D9324BEB
:107DC0001B681846FEF7D8F80346B3F5FA7F1BDBAD
:107DD0002F4B1B682C4A126811461846FEF7C4FE4A
:107DE0000346632B0ADD2B4B1B68284A1268114699
:107DF0001846FEF7B9FE0346632B05DC3A6A796A3A
:107E00000120FEF7C3FE76E0214B1B681846FEF703
:107E1000B3F80346B3F5FA5F08DC1E4B1B6818463F
:107E2000FEF7AAF80346B3F5FA5F39DD3A6A796AD4
:107E30000220FEF7ABFE5EE011040020B805002032
:107E4000EC380020FC380020F0380020A405002089
:107E50009FF70300EC030020DC040020F003002067
:107E600030050020FC03002034050020840500209C
:107E70001405002018050020100300200405002030
:107E800008050020F80200200C0500201005002045
:107E9000BC040020C0040020D4030020880500207A
:107EA000194B1968194B1A68194B1B68194801F0CE
:107EB000FDFD03461A46184B1A60184B1968184BFB
:107EC0001A68134B1B68174801F0F0FD03461A4669
:107ED000154B1A60104B1B681BB21946002000F0AE
:107EE000FFFB114B1B681BB21946012000F0F8FB89
:107EF00001E000F04FFCFB7F1946B86AFEF70CFC6E
:107F000000BF3837BD46B0BD0C050020BC040020C2
:107F1000DC040020A0020020E40400201005002062
:107F2000C0040020CC020020E804002080B483B00C
:107F300000AF786000BF0C37BD4680BC70470000C2
:107F400080B500AF00F0DEF83C210C48F8F758FE91
:107F50000346002B01D000230DE03C210848F8F730
:107F60004FFE0346002B05D03C210448F8F7D6FE0F
:107F7000002300E00123184680BD00BF84000020DC
:107F80001401002080B485B000AF4A4B1B685B6AC7
:107F9000FB81494B1B685B6ABB81484B1B88FA8994
:107FA000D31A9BB27B81464B1B88BA89D31A9BB2EA
:107FB0003B81444B9B6803F40043002B01D0012319
:107FC00000E00023FB71404B9B6803F00803002B8B
:107FD00001D0012300E00023BB713B4B9B6803F001
:107FE0004003002B01D0012300E000237B71364BBE
:107FF0009B6803F08003002B01D0012300E00023E5
:108000003B71324B1B78FA799A4204D0304B1B6893
:1080100001332F4A13602F4B1B78BA799A4204D050
:108020002D4B1B6801332C4A13602C4B1B787A793B
:108030009A4204D02A4B1B680133294A1360294B0A
:108040001B783A799A4204D0274B1B680133264AA1
:1080500013601E4AFB7913701E4ABB7913701F4AC6
:108060007B7913701F4A3B791370204AFB79137098
:108070001F4ABB7913701F4A7B7913701E4A3B79E4
:1080800013700E4AFB8913800D4ABB8913801B4B6A
:108090001A68B7F90A30D31A184A1360B7F90820DA
:1080A000174B1B681344164A136000BF1437BD46B4
:1080B00080BC70478400002014010020CC360020D2
:1080C000CE36002000080140000C0140D0360020D0
:1080D000B8360020D1360020BC360020D236002031
:1080E000C0360020D3360020C4360020C836002019
:1080F000C9360020CA360020CB360020B03600201A
:10810000B436002080B400AF2F4B1B6800225A62A7
:108110002E4B1B6800225A622D4B00221A802D4BD9
:1081200000221A802C4B00221A602C4B00221A606D
:108130002B4B00221A602B4B00221A602A4B002284
:108140001A602A4B00221A60294B9B6803F40043F3
:10815000002B01D0012200E00022264B1A70264B92
:108160009B6803F00803002B01D0012200E00022ED
:10817000224B1A70204B9B6803F04003002B01D068
:10818000012200E000221E4B1A701B4B9B6803F07B
:108190008003002B01D0012200E00022194B1A704D
:1081A000144B1A78184B1A70144B1A78174B1A7014
:1081B000134B1A78164B1A70124B1A78154B1A700B
:1081C00000BFBD4680BC7047840000201401002021
:1081D000CC360020CE360020B0360020B436002049
:1081E000B8360020BC360020C0360020C43600203F
:1081F00000080140D0360020000C0140D13600209C
:10820000D2360020D3360020C8360020C9360020E0
:10821000CA360020CB36002080B400AF024B1B686A
:108220001846BD4680BC7047B036002080B400AF11
:10823000024B1B681846BD4680BC7047B436002010
:1082400080B483B000AF78607B68002B07D0114BFF
:108250001B889AB2104B1B889BB29A4201D1002313
:1082600012E00C4B1B889BB21A460C4B9A5C7B6845
:108270001A70084B1B889BB201339BB203F07F033B
:108280009AB2044B1A80012318460C37BD4680BCB5
:10829000704700BF5837002056370020D4360020E2
:1082A00080B584B000AF78607B681B68174A934242
:1082B00028D1174B1B889BB201339BB203F07F037D
:1082C000FB81144B1B889BB2FA899A4210D0104B49
:1082D0001B889BB21A46104B1978104B99540C4AC4
:1082E000FB8913800E4B1B6801330D4A136004E0B9
:1082F0000C4B1B6801330B4A1360012206490A48E4
:10830000FCF77BF900BF1037BD4680BD0038014047
:10831000563700205837002054370020D43600202C
:108320005C370020603700205C01002080B582B0FF
:1083300000AF78607B681B68084A934209D1084BFC
:108340001B680133064A1360012206490648FCF700
:1083500054F900BF0837BD4680BD00BF003801405A
:1083600064370020543700205C01002080B582B0C3
:1083700000AF78607B68002B06D07B681B68044ADE
:10838000934201D102F02AFA00BF0837BD4680BDF2
:108390000054004080B582B000AF78607B68002B4D
:1083A00006D07B681B68044A934201D102F050FA60
:1083B00000BF0837BD4680BD0054004080B500AF07
:1083C0000D4B00221A800D4B00221A800C4B00220C
:1083D0001A600C4B00221A600B4B00221A6001221B
:1083E0000A490B48FCF709F90346002B0CBF01238F
:1083F0000023DBB2184680BDEA370020EC370020AE
:10840000F0370020F4370020F8370020E83700204C
:10841000A401002080B483B000AF78607B68002B9B
:1084200007D0114B1B889AB2104B1B889BB29A4203
:1084300001D1002312E00C4B1B889BB21A460C4B57
:108440009A5C7B681A70084B1B889BB201339BB205
:1084500003F07F039AB2044B1A80012318460C37AD
:10846000BD4680BC704700BFEC370020EA370020D3
:108470006837002080B584B000AF78607B681B68E7
:10848000174A934228D1174B1B889BB201339BB2EA
:1084900003F07F03FB81144B1B889BB2FA899A423D
:1084A00010D0104B1B889BB21A46104B1978104BFA
:1084B00099540C4AFB8913800E4B1B6801330D4AFB
:1084C000136004E00C4B1B6801330B4A136001225C
:1084D00006490A48FCF791F800BF1037BD4680BD39
:1084E00000440040EA370020EC370020E837002045
:1084F00068370020F0370020F4370020A401002066
:1085000080B582B000AF78607B681B68084A9342F0
:1085100009D1084B1B680133064A13600122064942
:108520000648FCF76AF800BF0837BD4680BD00BFAB
:1085300000440040F8370020E8370020A401002064
:1085400080B582B000AF0346FB71FB7983F0010375
:10855000DBB21A464FF400510348F9F705FF00BF9C
:108560000837BD4680BD00BF0010014080B500AF98
:108570004FF400510248F9F70FFF00BF80BD00BF64
:108580000010014080B483B000AF0346FB71FB795B
:10859000002B01D1042300E0002318460C37BD4610
:1085A00080BC704780B582B000AF0346FB710B46BC
:1085B000BB7113467B71FB79012B0ED1BB791A4637
:1085C0004FF480510E48F9F7CFFE7B791A464FF4ED
:1085D00000510B48F9F7C8FE0DE0BB791A464FF47D
:1085E00080410748F9F7C0FE7B791A464FF40041F5
:1085F0000348F9F7B9FE00BF0837BD4680BD00BF8C
:10860000000C014080B584B000AF03460A46FB7100
:108610001346BB801F4B1B68DB6AFB60BB88B3F54E
:108620007A7F02D94FF47A73BB80BB88FA6802FB69
:1086300003F3194AA2FB03239B09BB60FB7918468D
:10864000FFF7A0FF0346002B04D1124B1B68BA684A
:108650005A631BE0FB791846FFF794FF0346042B8F
:1086600004D10C4B1A68BB6893630FE0FB79184682
:10867000FFF788FF0346082B04D1064B1A68BB6836
:10868000D36303E0034B1A68BB68136400BF103761
:10869000BD4680BDCC000020D34D621080B500AF38
:1086A00000F078F800210D48F8F702F90346002B96
:1086B00001D000230FE004210848F8F7F9F8034639
:1086C000002B07D000210548F8F794F900F062F874
:1086D000002300E00123184680BD00BFCC0000202D
:1086E00080B584B000AF03460A46FB711346BB80D9
:1086F000B7F90430B3F57A7F03DD4FF47A73BB80AA
:1087000007E0B7F9043013F57A7F02DA4FF6184321
:10871000BB80B7F90430002B04D1FB79184600F078
:1087200025F820E0FB7900211846FFF76BFFB7F929
:108730000430002B08DDFB79012200211846FFF7E9
:1087400031FFBB88FB8108E0FB790022012118463C
:10875000FFF728FFBB885B42FB81FA89FB79114652
:108760001846FFF74FFF1037BD4680BD80B582B079
:1087700000AF0346FB71FB7900211846FFF742FF6B
:10878000FB79002200211846FFF70CFF00BF0837D5
:10879000BD4680BD80B500AF0020FFF7E7FF012098
:1087A000FFF7E4FF00BF80BD80B500AF124B002291
:1087B0001A80124B00221A80114B00221A70114BA2
:1087C00000221A70104B00221A60104B00221A600F
:1087D0000F4B00221A600F4B00221A600122084939
:1087E0000D48FBF70AFF0346002B0CBF01230023B3
:1087F000DBB2184680BD00BF3C3800203E38002068
:1088000040380020413800204438002048380020FB
:108810004C38002050380020EC01002080B483B098
:1088200000AF78607B68002B07D0114B1B889AB291
:10883000104B1B889BB29A4201D1002312E00D4BD2
:108840001B889BB21A460C4B9A5C7B681A70094BCA
:108850001B889BB201339BB203F03F039AB2054BD6
:108860001A80012318460C37BD4680BC704700BFF4
:108870003C3800203E380020FC37002080B483B014
:1088800000AF78607B681B68084A934208D1084BA8
:1088900000221A70074B1B680133064A136000E080
:1088A00000BF0C37BD4680BC704700BF0048004089
:1088B000413800204438002080B584B000AF786093
:1088C0007B681B68184A934229D1184B1B889BB2BE
:1088D00001339BB203F03F03FB81154B1B889BB216
:1088E000FA899A4205D1134B1B680133114A136070
:1088F0000FE00E4B1B889BB21A460F4B19780F4B9B
:1089000099540A4AFB8913800D4B1B6801330C4AAA
:108910001360012208490B48FBF76FFE00E000BF1F
:108920001037BD4680BD00BF004800403C380020E5
:108930003E3800204C38002040380020FC37002012
:1089400048380020EC01002080B582B000AF78608C
:108950007B681B680A4A93420DD10A4B1B6801339E
:10896000084A1360084B00221A7001220749084880
:10897000FBF743FE00E000BF0837BD4680BD00BFE7
:108980000048004050380020413800204038002086
:10899000EC01002080B582B000AF78607868FFF706
:1089A0007FFC7868FFF766FD7868FFF785FF00BFFA
:1089B0000837BD4680BD80B582B000AF786078686A
:1089C000FFF75CFF00BF0837BD4680BD80B582B0B1
:1089D00000AF78607868FFF7A9FC7868FFF790FD32
:1089E0007868FFF7B1FF00BF0837BD4680BD80B48F
:1089F00085B000AFF860B9607A603B60FB68BA6828
:108A00005A60FB687A689A60FB683A68DA60FB68CB
:108A1000BA691A61FB6800221A60FB6801221A75A4
:108A200000BF1437BD4680BC704780B483B000AF30
:108A300078607B68002BB8BF5B4218460C37BD4698
:108A400080BC70472DE9B04F82B000AF78603960CC
:108A50007968002902DD3968002901DC002326E05D
:108A60007968C8178A468346134901FB0BF0292110
:108A700001FB0AF101441048AAFB004529440D46B8
:108A80003968C817884681460C4901FB09F0002166
:108A900001FB08F101440948A8FB002319440B46D7
:108AA00020462946F7F792FD02460B461346184624
:108AB0000837BD46BDE8B08F0008D6E8D9EF2F00D3
:108AC000B0B586B002AFF860B9607A603B60FB6811
:108AD000BA689A61FC68B9687868FFF7B3FF054621
:108AE000B9683868FFF7AEFF02467B6A00933B6ABD
:108AF00029462046FFF77BFF00BF1037BD46B0BDBB
:108B00002DE9B04F84B000AFF860B960B868FFF7E6
:108B10008CFF0346DA173B607A60FB689B69DA17C3
:108B20009A469346D7E900010B460AFB03F2034637
:108B300003FB0BF313440246A2FB0A452B441D46DC
:108B40000F4B03FB05F2002304FB03F313440C4A11
:108B5000A4FB02894B44994607A3D3E9002340466E
:108B60004946F7F733FD02460B46134618461037C1
:108B7000BD46BDE8B08F00BF0095BA0A00000000F6
:108B8000D9EF2F0080B485B000AFF860B9607A608B
:108B90003B60FB68BA681A60FB687A685A60FB68D9
:108BA0003A689A6000BF1437BD4680BC7047000029
:108BB0002DE9B04FA2B000AF78673967FA66BB669F
:108BC0007B6F1B68002B07DD7B6F5B68002B03DD71
:108BD0007B6F9B68002B07DCBB6E00221A60D7F806
:108BE000A83000221A60E4E03B6FDA17BB63FA6337
:108BF0007B6F9B68DA173B667A66D7E90E010B46F6
:108C00003A6E02FB03F27B6E84460CFB03F31344C3
:108C10000246396EA2FB01AB5B449B4652465B4663
:108C20004FF000004FF00001590141EAD2615001BC
:108C300002460B46B2EB0A0463EB0B054FF0000251
:108C40004FF000036B0243EAD453620214461D4600
:108C500014EB0A0845EB0B094FF000024FF000033C
:108C60004FEA891343EA98634FEA8812B2EB08018E
:108C7000396063EB09037B60D7E900341A4612EBD5
:108C80000A023A63234643EB0B037B637B6F1B684B
:108C9000DA17BB62FA62494BD7E90A452A4603FB59
:108CA00002F20023214601FB03F31A44434B214601
:108CB000A1FB0331F965BB65FB6DD318FB65D7E9F3
:108CC0001623D7E90C01F7F781FC02460B46C7E9EA
:108CD0002023FB6EDA173B627A627B6F5B68DA17E0
:108CE000BB61FA61D7E908342246D7E906894146D3
:108CF00001FB02F24D4618462146034603FB05F3ED
:108D0000134402464146A2FB012179653A657A6D1A
:108D100013447B657B6F9B68DA173B617A61D7E907
:108D200014342246D7E90489414601FB02F24D463C
:108D300018462146034603FB05F313440246414609
:108D4000A2FB0121F964BA64FA6C1344FB647B6FE3
:108D50001B68DA17BB60FA60194BD7E902452A464F
:108D600003FB02F20023214601FB03F31344144AE0
:108D70002146A1FB022179643A647A6C13447B6436
:108D8000D7E91023D7E91201F7F720FC02460B467A
:108D9000C7E91E23D7F88020BB6FD31A1A46BB6ED3
:108DA0001A60D7F88020BB6F13441A46D7F8A83052
:108DB0001A608837BD46BDE8B08F00BFD9EF2F00DD
:108DC000407E05002DE9B04F98B000AF7865396559
:108DD000FA647B6D1B68002B03DD7B6D9B68002BA9
:108DE00001DC0023A9E03B6DDA17BB63FA63FB6C7F
:108DF000DA173B637A63D7E90E018446D7E90C237F
:108E000096461CEB0E0841EB03094FF000024FF0B1
:108E100000034FEAD972002312EB0801396143EBDA
:108E200009037B614FF000024FF00003D7E904898A
:108E300041464A08CC4642EACC7249464B10C7E943
:108E400016237B6D1B68DA17BB62FA62BB6DD7E92C
:108E50000A894A4602FB03F2FB6D414601FB03F31C
:108E60001A44BB6D4146A3FB014553191D46354BC2
:108E700003FB05F2002304FB03F31A44314BA4FB6C
:108E8000033179643B647B6CD3187B647B6D9B6896
:108E9000DA173B627A62D7E9084522462B464FF043
:108EA00000004FF00001590141EAD2615001024631
:108EB0000B462146B2EB010A294663EB010B4FF04A
:108EC00000024FF000034FEA4B2343EADA534FEA24
:108ED0004A2292469B4623461AEB0303BB602B466D
:108EE0004BEB0303FB604FF000024FF00003D7E9A8
:108EF000028949468B01414643EA916341468A0112
:108F0000C446B2EB0C0CC7F800C0494663EB010342
:108F10007B60D7E90001034622469B18BB612B46C4
:108F20000A4642EB0303FB61D7E90623D7E91001A8
:108F3000F7F74CFB02460B46134618466037BD4612
:108F4000BDE8B08FD9EF2F0080B483B000AF786058
:108F50007B6800221A607B6800225A6079684FF0B3
:108F600000024FF00003C1E9022379684FF00002CC
:108F70004FF00003C1E9042300BF0C37BD4680BC9D
:108F8000704700002DE9B04FACB000AFF867B9678B
:108F90007A673B67FB6F1B68002B40F33B81FB6FDD
:108FA0005B68002B40F33681FB6F9B68002B40F31E
:108FB00031817A6F3B6F1344DA173B647A64FB6F3D
:108FC0001B68DA17BB66FA66D7E910010B46BA6E62
:108FD00002FB03F2FB6E84460CFB03F313440246D0
:108FE000B96EA2FB01452B441D468D4B03FB05F2D8
:108FF000002304FB03F31A44894BA4FB0331796675
:109000003B667B6ED3187B66BB6FD3E90223D7E93F
:109010001845214689183961294643EB01017961D8
:10902000D7E90434C7E92A34FB6F9B68DA17BB63BE
:10903000FA63D7E90E4522462B464FF000004FF069
:109040000001590141EAD261500102460B46204617
:1090500029460446B2EB04080C4663EB04094FF0C2
:1090600000024FF000034FEA891343EA98634FEA86
:109070008812B2EB080A63EB090B4FF000024FF0C5
:1090800000034FEACB0343EA5A734FEACA029246FF
:109090009B4603461AEB0303BB600B464BEB0303F3
:1090A000FB604FF000024FF00003D7E9024529466C
:1090B000CB0120462946044643EA54630146CA01CF
:1090C0001C461346C7E92834D7E92823D7E92A01E3
:1090D000F7F77CFA02460B46C7E92623D7E92A01AF
:1090E000D7E92823F7F772FA10461946BB6FC3E990
:1090F00002013A6F7B6FD31ADA173B637A63FB6F17
:109100001B68DA17BB62FA62D7E90C342246D7E94A
:109110000A89414601FB02F24D46184621460346A4
:1091200003FB05F3134402464146A2FB0121F96506
:10913000BA65FA6D1344FB653A4BD7E916452A46E2
:1091400003FB02F20023214601FB03F31344354ADB
:109150002146A1FB022179653A657A6D13447B654E
:10916000BB6FD3E90423D7E9144521468918396038
:10917000294643EB01017960D7E90034C7E924347B
:10918000FB6F9B68DA173B627A62FB6F5B68DA17EA
:10919000BB61FA61D7E908342246D7E9068941461E
:1091A00001FB02F24D4618462146034603FB05F338
:1091B000134402464146A2FB0121F964BA64FA6CE9
:1091C0001344FB64D7E91234C7E92234C7E92234D7
:1091D000D7E92223D7E92401F7F7F8F902460B462D
:1091E000C7E92023D7E92401D7E92223F7F7EEF9CD
:1091F000B96FC1E90423BB6F1A68D7F898301A44D5
:10920000BB6F1A60BB6F5A68D7F880301A44BB6FC7
:109210005A6000E000BFB037BD46BDE8B08F00BF68
:10922000A8E740BB20BF020080B483B000AF7860E5
:109230007B68002BB8BF5B4218460C37BD4680BC2C
:10924000704780B487B000AFF860B9607A60BA68E0
:10925000FB68D31A7B617A697B689A4203DDFA68FE
:109260007B68134409E07B685B427A699A4203DABF
:10927000FA687B68D31A00E0BB6818461C37BD4605
:1092800080BC704780B584B000AFF860B9607A6088
:10929000FB68BA681A61FB687A685A61F86800F07E
:1092A00004F800BF1037BD4680BD80B483B000AF66
:1092B00078607B6800221A607B6800225A607B68B5
:1092C00000229A607B680022DA6000BF0C37BD463E
:1092D00080BC704780B483B000AF786039603B6871
:1092E000012BB8BF01231A467B685A6100BF0C37B7
:1092F000BD4680BC70472DE9B04F92B000AF786397
:109300003963FA623A6BFB6AD31A7B643A6BFB6A85
:1093100013443B64786CFFF787FFF863386CFFF702
:1093200083FF0246FB6B934203DA386CFFF77CFF46
:10933000F8637B6B1A69FB6B93424FDDFB6B002B71
:109340004CDD7B6CDA17BB61FA617B6B1B69DA174A
:109350003B627A62D7E906010B463A6A02FB03F2E6
:109360007B6A84460CFB03F313440246396AA2FB72
:1093700001452B441D46FB6BDA173B617A61D7E947
:10938000042320462946F7F721F902460B461346E7
:109390007B643B6CDA17BB60FA607B6B1B69DA1786
:1093A0009A469346D7E902010B460AFB03F20346AD
:1093B00003FB0BF313440246A2FB0A894B44994674
:1093C000FB6BDA173B607A60D7E9002340464946D9
:1093D000F7F7FCF802460B4613463B647B6B7A6C4E
:1093E0001A607B6B3A6C5A6000BF4837BD46BDE8D7
:1093F000B08F2DE9B04384B000AF78603960396830
:10940000002939D079684969C81788468146396882
:1094100000200A46034602FB09F008FB03F1014461
:10942000A8FB02454B191D464FF47A724FF000031A
:1094300020462946F7F7CAF802460B461346FB605A
:10944000FB68002B01DC0123FB607B6898687B686C
:109450001B68FA681946FFF7F4FE02467B689A60BB
:109460007B68D8687B685B68FA681946FFF7E9FE95
:1094700002467B68DA6000E000BF1037BD46BDE8F9
:10948000B08380B483B000AF78607B689B68184677
:109490000C37BD4680BC704780B483B000AF7860A5
:1094A0007B68DB6818460C37BD4680BC704780B4CB
:1094B00085B000AFF860B9607A603B60FB68BA685D
:1094C0005A60FB687A689A603B684FF47A7203FBD3
:1094D00002F2FB68DA60BB694FF47A7203FB02F2B6
:1094E000FB681A61FB6800221A60FB6801221A758A
:1094F00000BF1437BD4680BC704700002DE9B00F97
:1095000087B000AFF860B960F968C8170C46054627
:10951000B968C8170A460346A11A396065EB030308
:109520007B60D7E90034C7E9043408E0D7E90423B5
:10953000124912EB010A43F1FF3BC7E904ABD7E93B
:1095400004230F498A4273F10003EFDA08E0D7E9F8
:1095500004230C4912EB010843F10009C7E904890F
:10956000D7E9042308498A4273F1FF33EFDB3B69F3
:1095700018461C37BD46BDE8B00F7047C081FAFFE2
:1095800021BF0200407E0500E040FDFF80B485B0B1
:1095900000AFF860B9607A607B68002B02DA0023C4
:1095A0007B6006E07B68B3F57A7F02DD4FF47A7367
:1095B0007B60FB6800221A60FB6800225A60FB682F
:1095C00000229A60BB68002B02DA4FF0FF3200E005
:1095D0000122FB68DA60FB687A681A61FB68002286
:1095E0005A61FB6800221A76FB6800225A7600BF97
:1095F0001437BD4680BC704780B483B000AF78603C
:1096000039607B68DB683A6802FB03F318460C3765
:10961000BD4680BC70472DE9B04F96B000AFF863EF
:10962000B9637A6387F83330796BF86BFFF7E4FF3F
:109630007865FB6B1B7E83F00103DBB2002B0DD042
:10964000FB6BBA6B5A60FB6B7A6D9A60FB6B012205
:109650001A76FB6B97F833205A769DE0FB6B5A68BD
:10966000BB6B9B1A3B65FA6BBB6B536097F833304F
:1096700083F00103DBB2002B09D0FB6B1A683B6D52
:109680001A44FB6B1A60FB6B00225A7684E0FB6B7A
:109690005B7E83F00103DBB2002B0CD0FB6B7A6D99
:1096A0009A60FB6B1A683B6D1A44FB6B1A60FB6B8C
:1096B00001225A7670E0FB6B9B681946786DFFF7C4
:1096C0001DFFF864FA6B7B6D9360FB6B1B69DA1707
:1096D000BB61FA61FB6CDA17BB62FA62D7E906017B
:1096E0000B46BA6A02FB03F2FB6A84460CFB03F3E7
:1096F00013440246B96AA2FB01452B441D46FB6B8D
:109700001B69C3F57A73DA173B617A613B6DDA172F
:109710003B627A62D7E904010B463A6A02FB03F224
:109720007B6A84460CFB03F313440246396AA2FBAE
:1097300001894B44994614EB080A45EB090BFB6B76
:109740005B69DA17BB60FA60D7E902341A461AEB94
:1097500002023A6023464BEB03037B60D7E90034F7
:10976000C7E91034FB6B1C68D7E910014FF47A721B
:109770004FF00003F6F72AFF02460B461346E218A5
:10978000FB6B1A60D7E910014FF47A724FF00003B7
:10979000F6F71CFFFB6B5A615837BD46BDE8B08F2A
:1097A00080B483B000AF78607B681B6818460C37C4
:1097B000BD4680BC704780B485B000AFF860B9602A
:1097C0007A60FB6800221A60FB68BA685A60FB681E
:1097D0007A689A6000BF1437BD4680BC704780B479
:1097E00085B000AFF860B9607A60FB68BA681A604B
:1097F000FB687A685A6000BF1437BD4680BC70476A
:109800002DE9B04F84B000AFF860B960F968C817AF
:109810000C460546204629464FF0000A4FF0000B43
:109820004FEA411B4BEAD06B4FEA401A504659466B
:10983000021B61EB05034FF000004FF0000199009F
:1098400041EA9271900002460B4612EB040843EB8A
:1098500005094FF000024FF000034FEAC90343EA45
:1098600058734FEAC8029046994640464946BB683D
:1098700000223B607A60D7E90023F6F7A7FE024694
:109880000B46134618461037BD46BDE8B08F2DE98C
:10989000B04F84B000AFF860B960F968C8178A4665
:1098A0008346504659464FF000084FF000094FEAF2
:1098B000810949EA90794FEA80084046494610EB11
:1098C0000A0241EB0B034FF000004FF000011901B9
:1098D00041EA12711001841A61EB03054FF0000296
:1098E0004FF00003EB0043EA5473E20014461D46B8
:1098F00020462946BB68DA173B607A60D7E9002327
:10990000F6F764FE02460B46134618461037BD466E
:10991000BDE8B08F80B485B000AFF860B9607A6000
:109920003B60FB683A681A60FB68BA695A60FB687A
:10993000FA699A60FB68BA68DA60FB687A681A614B
:1099400000BF1437BD4680BC704780B586B000AFFD
:10995000F860B9607A603B60FB689B683A68D31A2C
:109960007B61FB68DB687A699A4206D37B69002BCE
:1099700003D0FB681B69002B01DC002340E0FB687F
:109980001B68BA68D21A3B6A1A60FB685B687A681F
:10999000D21A3B6A5A603B6A1B6879691846FFF71E
:1099A0002FFF02463B6A9A603B6A5B6879691846FA
:1099B000FFF726FF02463B6ADA603B6A9A68FB685B
:1099C0001B6919461046FFF762FF02463B6A1A619F
:1099D0003B6ADA68FB681B6919461046FFF757FFB8
:1099E00002463B6A5A613B6A7A699A61FB68BA68C7
:1099F0001A60FB687A685A60FB683A689A600123CB
:109A000018461837BD4680BD80B485B000AFF860F9
:109A1000B9607A60FA68BB689A4201DABB6806E00E
:109A2000FA687B689A4201DD7B6800E0FB681846B3
:109A30001437BD4680BC704780B485B000AFF86075
:109A4000B9607A603B60FB68BA681A60FB687A6844
:109A50005A60FB683A689A60FB68BA69DA60FB682A
:109A6000FA691A61FB683A6A5A61FB687A6A9A6114
:109A7000FB68BA6ADA61FB68FA6A1A62FB683A6BD9
:109A80005A62FB6800229A6200BF1437BD4680BC50
:109A9000704780B483B000AF78607B6800229A6220
:109AA00000BF0C37BD4680BC704700002DE9B04FA9
:109AB000A0B000AFF864B9647A643B640023FB672C
:109AC0000023BB6701237B67BB6C002B02D03B6C80
:109AD000002B04D1F86CFFF7DCFF002325E1BB6C01
:109AE000002B08DA4FF0FF337B67BB6C5B42BB6433
:109AF0007B6C5B427B64BA6C7B6CD31A3B67FB6C00
:109B00001B69002B5FDDFB6C1A69BB6C93425ADA50
:109B1000FB6CDB68DA17BB62FA62FB6C1A69BB6C20
:109B2000D31ADA17BB63FA63D7E90A010B46BA6B9B
:109B300002FB03F2FB6B84460CFB03F31344024667
:109B4000B96BA2FB01894B44994642464B464FF004
:109B500000004FF00001590141EAD2615001024674
:109B60000B46B2EB080463EB09054FF000024FF01F
:109B70000003AB0043EA9473A20014461D4614EBA5
:109B800008033B6045EB09037B604FF000024FF098
:109B90000003D7E900452946CB0020462946044664
:109BA00043EA54730146CA0010461946FB6C1B6910
:109BB000DA173B627A62D7E90823F6F707FD024617
:109BC0000B461346FB67FB6C9B69002B0DDDFB6CA2
:109BD0009B69BA6C9A4208DDFB6C9B69BA6CD31A1C
:109BE000FA6C526902FB03F3BB67FB6C9B68BA6CAF
:109BF00003FB02F2FB6F1344BA6F1344FB66FB6C6A
:109C00001A683B6F02FB03F3BB66FB6C5B68DA17F9
:109C1000BB61FA613B6FDA173B617A61D7E90634C1
:109C20002246D7E90489414601FB02F24D46184617
:109C30002146034603FB05F3134402464146A2FBBB
:109C400001AB5B449B463B6C0022BB60FA60D7E9EA
:109C50000201034603FB0BF20B460AFB03F313441A
:109C60000246AAFB022179633A637A6B13447B6351
:109C70004FF47A724FF00003D7E90C01F6F7A6FC17
:109C800002460B4613467B66FB6C5B6A4FF47A72A6
:109C900002FB03F33B66FB6C9A6A7B6ED0183B6E4B
:109CA0005B423A6E1946FFF7AFFEF865FA6EBB6E7F
:109CB0001344FA6D1344BB65FB6C1B6A4FF47A7254
:109CC00002FB03F3BA6D9A4202DD3B6F002B0EDC00
:109CD000FB6CDB694FF47A7202FB03F3BA6D9A42B4
:109CE00002DA3B6F002B02DBFB6CFA6D9A62FA6EB4
:109CF000BB6E1A44FB6C9B6A1344BB65BB6D0D4A7B
:109D000082FB03129211DB17D01AFB6CD969FB6C32
:109D10001B6A1A46FFF778FE78657B6F9BB27A6DF7
:109D200092B202FB03F39BB21BB218468037BD46CA
:109D3000BDE8B08FD34D621080B483B000AF7860BF
:109D40007B681B781AB27B6801331B781BB21B023D
:109D50001BB213431BB29BB218460C37BD4680BCE6
:109D6000704780B483B000AF78607B681B781A4678
:109D70007B6801331B781B021A437B6802331B7814
:109D80001B041A437B6803331B781B0613431846D6
:109D90000C37BD4680BC704780B584B000AF78609A
:109DA0007868FFF7C9FF0346FB81FB89BB81B7F9E0
:109DB0000C3018461037BD4680BD80B584B000AF6A
:109DC00078607868FFF7CDFF0346FB60FB68BB60F7
:109DD000BB6818461037BD4680BD000080B485B012
:109DE00000AF78600B467B804FF6FF73FB8100234A
:109DF000BB8122E0BB897A6813441B781A46FB8931
:109E00005340FB810023FB7211E0FB8903F0010347
:109E1000002B06D0FB895B089AB20D4B5340FB81A7
:109E200002E0FB895B08FB81FB7A0133FB72FB7A62
:109E3000072BEAD9BB890133BB81BA897B889A4257
:109E4000D8D3FB8918461437BD4680BC704700BF85
:109E500001A0FFFF2DE9B00F85B000AF7860396039
:109E60007968C81788468146404649464FF0000445
:109E70004FF000058D0045EA907584002046294684
:109E800010EB080241EB090312EB020A43EB030B50
:109E900052465B46C7E90223D7E90223B2F1004FDD
:109EA00073F1000306DAD7E90223B2F1004F73F130
:109EB000FF3301DA002303E0BA683B681A6001232C
:109EC00018461437BD46BDE8B00F704790B585B051
:109ED00000AF786039607B681B78712B04D17B6898
:109EE00001331B78012B01D0012368E07B6812331A
:109EF0001846FFF721FF03461C4612217868FFF73A
:109F00006DFF03469C4201D0022358E07B68023378
:109F10001846FFF711FF03461A463B681A803B6854
:109F20001B8803F00103002B05D03B681B8803F05E
:109F30000803002B01D0012341E07B68043318465D
:109F4000FFF7FAFE03461A463B685A807B680633E1
:109F50001846FFF7F1FE03461A463B689A807B6875
:109F600008331846FFF729FFF8607B680C33184662
:109F7000FFF723FFB8607B6810331846FFF70CFF2C
:109F800003461A463B681A823B6808331946F8684C
:109F9000FFF760FF034683F00103DBB2002B0BD118
:109FA0003B680C331946B868FFF754FF034683F04B
:109FB0000103DBB2002B01D0012300E0002318468F
:109FC0001437BD4690BD000080B483B000AF786008
:109FD0003960174B0122DA747B685A88154B1A8056
:109FE0007B689B68144A13607B68DB68134A1360C4
:109FF0007B681A88124B1A807B689A88114B1A80EA
:10A000007B68B3F91020104B1A80104A3B6813602C
:10A010000F4B1B6801330E4A13600E4B1B68013354
:10A020000C4A136000BF0C37BD4680BC704700BFB0
:10A0300054380020A0380020A4380020A838002080
:10A04000B2380020B4380020B63800209C380020F8
:10A050008C3800208838002080B586B002AF786048
:10A06000174B1B78DBB2002B01D0002324E0144BEC
:10A0700001221A70134A7B681360134B1B6801336B
:10A08000114A136014230193104B00930123002203
:10A0900084210F48F8F7F2FA0346FB73FB7B002B91
:10A0A00009D0074B00221A700A4B1B680133094A7A
:10A0B0001360002300E0012318461037BD4680BD21
:10A0C000C038002080380020B83800206C380020CC
:10A0D00030000020BC38002080B584B000AF78602C
:10A0E00039607B6803F0FF43B3F1FF4F01D10023D8
:10A0F00040E07B68FB60FB6820491846F6F736FABB
:10A100000346002B07D1FB681D491846F6F710FAE5
:10A110000346002B01D000232CE0FB684FF0000128
:10A120001846F6F719FA0346002B10D0FB681549BC
:10A130001846F5F7EDFF03464FF07C511846F6F749
:10A14000A1F803461846F6F71BFA03460FE0FB6832
:10A150000C491846F5F7DCFF03464FF07C511846D2
:10A16000F6F78EF803461846F6F70AFA03463A68F9
:10A170001360012318461037BD4680BD6C12034A98
:10A180006C1203CA00007A4490B585B000AFF86045
:10A19000B9607A603B60FB681B78AA2B0ED1FB6824
:10A1A00001331B78552B09D1FB680E331B78552BD7
:10A1B00004D1FB680F331B78AA2B01D000233AE0AF
:10A1C000FB680C331846FFF7B7FD03461C46FB68D7
:10A1D00002330A211846FFF701FE03469C4201D0D4
:10A1E000002328E0FB6802331846FFF7A5FD03466D
:10A1F0001A46BB681A80FB6804331846FFF7B1FDA6
:10A20000034679681846FFF767FF0346002B0ED018
:10A21000FB6808331846FFF7A4FD03463968184663
:10A22000FFF75AFF0346002B01D0012300E0002373
:10A2300003F00103DBB218461437BD4690BD0000A1
:10A2400080B483B000AF0346FB710B4B00221A743D
:10A25000094B00225A74FB79AA2B02D0FB79A52B5B
:10A2600005D1054AFB791370034B01221A7400BF14
:10A270000C37BD4680BC70475438002090B587B07D
:10A2800000AF78606C4B7B617B691B78AA2B5AD13D
:10A29000694B5B7C102B56D17B690C331846FFF75A
:10A2A0004BFD03461C467B6902330A211846FFF723
:10A2B00095FD03469C4205D0604B1B6801335F4A05
:10A2C0001360B5E007F1080307F10C0207F1120172
:10A2D0007869FFF759FF034683F00103DBB2002BD7
:10A2E00005D0574B1B680133554A1360A0E0524B11
:10A2F000DB7C002B0DD07A8A524B1B889BB2D31A81
:10A300009BB2013B9BB21A464F4B1B6813444E4A0B
:10A310001360494B0122DA747A8A4A4B1A80FB682F
:10A320004A4A1360BB684A4A13604A4A7B68136012
:10A33000494B1B680133484A1360484B1B68013383
:10A34000464A136074E07B691B78A52B3CD17B697E
:10A3500001331B785B2B37D1374B5B7C082B33D118
:10A360007B6905331846FFF7E7FC03461C467B690B
:10A37000023303211846FFF731FD03469C4205D006
:10A380002E4B1B6801332D4A136051E07B69073364
:10A390001B785B2B05D02A4B1B680133284A1360BE
:10A3A00046E07B699A782E4B1A707B69DA782D4BE0
:10A3B0001A702D4B1B6801332B4A1360274B1B6807
:10A3C0000133264A136033E07B691B78A52B29D122
:10A3D0007B6901331B785C2B24D1174B5B7C0C2BE6
:10A3E00020D17B690B331B785C2B15D17B6909333A
:10A3F0001846FFF7A1FC03461C467B690233072180
:10A400001846FFF7EBFC03469C4205D1134B1B6833
:10A410000133124A13600BE0084B1B680133074AF3
:10A42000136005E0064B1B680133054A136000BF4B
:10A4300000BF1C37BD4690BD543800209038002026
:10A4400094380020A038002098380020A43800203C
:10A45000A83800209C3800208C3800208838002044
:10A46000B0380020B1380020AC38002080B582B070
:10A4700000AF03463960FB71284B1B7C002B04D1D5
:10A48000FB791846FFF7DCFE44E0244B1B7C012BD4
:10A490002AD1224B1B78AA2B06D1FB79552B03D14D
:10A4A0001E4B10225A741FE01C4B1B78A52B06D1A3
:10A4B000FB795B2B03D1194B08225A7414E0174B1C
:10A4C0001B78A52B06D1FB795C2B03D1134B0C22F7
:10A4D0005A7409E0124B1B680133114A1360FB796F
:10A4E0001846FFF7ADFE15E00C4B1B7C5A1CD1B291
:10A4F0000A4A11741946094AFB795354074B1A7CCE
:10A50000064B5B7C9A4205D33868FFF7B7FE002004
:10A51000FFF796FE0837BD4680BD00BF54380020C7
:10A520009438002080B584B000AF3B1D07F10802CD
:10A5300007F10E010C48FFF727FE0346002B0BD056
:10A54000FB89012B08D1BB68B3F57A7F04D17B6806
:10A55000002B01D1012300E0002303F00103DBB253
:10A5600018461037BD4680BD40B00008B0B58CB06D
:10A5700000AF214B07F118041D460FCD0FC42B6807
:10A58000236007F1180312211846FFF727FC034642
:10A59000FB85FB8DDBB287F82A30FB8D1B0A9BB253
:10A5A000DBB287F82B303A1D07F118031146184625
:10A5B000FFF78CFC0346002B16D1FB88012B13D12F
:10A5C0003B89B3F5FA7F0FD1FB68B3F57A7F0BD1E6
:10A5D0003B6913F1FA0F07D1B7F9143040F6C412F2
:10A5E000934201D1012300E0002303F00103DBB219
:10A5F00018463037BD46B0BDE0AF000880B582B028
:10A6000000AF0346FB71FB79002B04D0FB79012BD3
:10A6100001D000235BE0142200212F48F6F76EF8EA
:10A62000142200212D48F6F769F82D4AFB791370A2
:10A630002C4B14221A60F7F7F9F80346143B2A4A08
:10A6400013602A4B00221A60294B00221A60294B02
:10A6500000221A60284B00221A60284B00221A6040
:10A66000274B00221A60274B00221A80264B00221B
:10A670001A60264B00221A60254B00221A60254BD7
:10A6800000221A70244B00221A70244B00221A80D8
:10A69000234B00221A80234B00221A80224B0022D7
:10A6A0001A60224B00221A60214B00221A70FFF719
:10A6B00039FF0346002B06D0FFF758FF0346002B57
:10A6C00001D0012300E0002303F00103DBB21846B0
:10A6D0000837BD4680BD00BF543800206C380020CC
:10A6E0006838002084380020803800208838002016
:10A6F0008C380020903800209438002098380020B2
:10A700009C380020A0380020A4380020A838002061
:10A71000AC380020B0380020B1380020B23800201A
:10A72000B4380020B6380020B8380020BC380020EB
:10A73000C038002080B584B000AF7860134B1B7820
:10A74000012B15D1124B1B78DBB2002B19D1114B09
:10A750001B687A68D21A104B1B689A4211D378682A
:10A76000FFF77AFC0EE0FB7B79681846FFF77EFE68
:10A7700007F10F031846FDF763FD0346002BF2D1E6
:10A7800000E000BF1037BD4680BD00BF6838002024
:10A79000C0380020803800208438002080B483B086
:10A7A00000AF786039600B4B1B68002B08D00A4B58
:10A7B0001B687A68D31A3A689A4201D3012300E0F1
:10A7C000002303F00103DBB218460C37BD4680BC02
:10A7D000704700BF8C3800209C38002080B586B0C0
:10A7E00000AF164B1B78012B24D1154B00221A7099
:10A7F0003B4619461348FFF769FB0346FB75FB7D93
:10A80000002B08D1F7F712F802463B4611461846CE
:10A81000FFF7DAFB0FE0FB7D022B05D10A4B1B682B
:10A820000133094A136006E0084B1B680133074AED
:10A83000136000E000BF1837BD4680BD68380020B7
:10A84000C03800206C380020903800209438002058
:10A8500080B400AF074B1B78012B07D1064B0022B9
:10A860001A70064B1B680133044A136000BFBD46D3
:10A8700080BC704768380020C0380020BC380020F9
:10A8800080B483B000AF0346FB71084B0022DA723C
:10A89000FB79FF2B05D1054BFF221A70034B0122D8
:10A8A000DA7200BF0C37BD4680BC7047C438002048
:10A8B000B0B491B000AF78604B4B07F108041D466F
:10A8C0000FCD0FC495E80F0084E80F000023FB6351
:10A8D0000023BB6300237B6300233B63002387F8D3
:10A8E0002F301EE097F82F300133404AD35CBB6213
:10A8F00097F82F309B0040333B4453F8383CBA6AFA
:10A900001A60BB6A002B07D097F82F30012202FA99
:10A9100003F3FA6B1343FB6397F82F30013387F887
:10A920002F3097F82F30072BDCD9012387F82F30F1
:10A930001FE097F82F3001332C4AD35C002B13D142
:10A9400097F82F30012202FA03F3BA6B1343BB636B
:10A950007B6B01337B6397F82F30013B244A52F81D
:10A9600023303A6B13443B6397F82F30013387F859
:10A970002F3097F82F30062BDBD91E4AFB6B136064
:10A980001D4ABB6B13601D4A7B6B13607B6B002BF6
:10A9900001D1012300E00023194A13607B6B002BD7
:10A9A00014D07B6B3A6B92FBF3F3164A1360164A92
:10A9B000BB6B1360134B1B68144A1360144A7B680B
:10A9C0001360144B1B680133124A1360124A7B68F0
:10A9D0001360124B1B680133104A136000BF4437E9
:10A9E000BD46B0BC704700BFF4AF0008C4380020BB
:10A9F00050B00008E0380020E4380020E83800209B
:10AA0000EC380020F0380020F8380020FC38002016
:10AA100000390020F4380020DC380020D038002035
:10AA200080B584B000AF03463960FB71354BDB7AEB
:10AA3000002B04D1FB791846FFF722FF5FE0314B72
:10AA4000DB7A082B17D8FB79012B09D92E4B1B6811
:10AA500001332D4A1360FB791846FFF711FF4EE0D2
:10AA6000284BDB7A5A1CD1B2264AD1721946254AA4
:10AA7000FB79535443E0234BDB7A092B29D1002384
:10AA8000FB730123BB7308E0BB7B1E4AD25CFB7BDC
:10AA90001344FB73BB7B0133BB73BB7B082BF3D924
:10AAA000FA79FB7B9A4209D0184B1B680133174A8D
:10AAB0001360FB791846FFF7E3FE20E0114BDB7AC9
:10AAC0005A1CD1B20F4AD17219460E4AFB7953541F
:10AAD00015E0FB79FE2B09D00B4B1B6801330A4AAA
:10AAE0001360FB791846FFF7CBFE08E0054AFB79B7
:10AAF00093723868FFF7DCFE0020FFF7C1FE1037C5
:10AB0000BD4680BDC4380020D8380020D43800208D
:10AB100080B500AF0C2200212248F5F7EFFD224B53
:10AB200000221A60214B00221A60214B00221A6079
:10AB3000204B00221A60204B00221A601F4B00227B
:10AB40001A601F4B00221A601E4B01221A601E4B16
:10AB500000221A601D4B00221A601D4B00221A6051
:10AB60001C4B00221A601C4B00221A601B4B002257
:10AB70001A601B4B00221A601A4B00221A601A4BF3
:10AB800000221A60194B00221A60194B00221A6029
:10AB9000184B00221A60184B00221A600123184635
:10ABA00080BD00BFC4380020D0380020D438002039
:10ABB000D8380020DC380020E0380020E4380020BD
:10ABC000E8380020EC380020F0380020F43800206D
:10ABD000F8380020FC38002000390020043900201B
:10ABE000083900200C3900201039002014390020C9
:10ABF000183900201C3900202039002080B584B08D
:10AC000000AF786004E0FB7B79681846FFF708FF27
:10AC100007F10F031846FDF7FDFB0346002BF2D1A9
:10AC200000BF00BF1037BD4680BD000080B483B0B8
:10AC300000AF786039600B4B1B68002B08D00A4BC3
:10AC40001B687A68D31A3A689A4201D3012300E05C
:10AC5000002303F00103DBB218460C37BD4680BC6D
:10AC6000704700BFD0380020DC3800202DE9F047C5
:10AC7000089D0F4604468E46002B48D18A42164650
:10AC800061D9B2FA82F24AB1C2F1200301FA02FE9E
:10AC900020FA03F3964043EA0E0E94404FEA164C16
:10ACA000BEFBFCF1B7B20CFB11EE01FB07F0230C6D
:10ACB00043EA0E43984209D9F31801F1FF3E80F0B0
:10ACC000ED80984240F2EA80023933441B1AB3FB0C
:10ACD000FCF00CFB103300FB07F7A4B244EA03447A
:10ACE000A74209D9341900F1FF3380F0D980A74277
:10ACF00040F2D6803444023840EA01400021E41B8F
:10AD00001DB10023D440C5E90043BDE8F0878B4264
:10AD100006D90DB1C5E9000100210846BDE8F0875C
:10AD2000B3FA83F1002947D1BB4202D3824200F239
:10AD30000481841A67EB030201209646002DE4D0BB
:10AD4000C5E9004EE1E7002A00F09080B2FA82F2F5
:10AD5000002A40F0A780881B0121370C1FFA86FECD
:10AD6000B0FBF7FC07FB1C00230C43EA00430EFB7F
:10AD70000CF0984207D9F3180CF1FF3802D2984230
:10AD800000F2E080C4461B1AB3FBF7F007FB103358
:10AD90000EFB00FEA4B244EA0344A64507D93419C9
:10ADA00000F1FF3302D2A64500F2C9801846A4EB99
:10ADB0000E0440EA0C40A3E7C1F120068B4022FAC2
:10ADC00006FC4CEA030C27FA06FA4FEA1C49BAFBC8
:10ADD000F9F88F4020FA06F309FB18AA1FFA8CFE37
:10ADE0003B4300FA01F708FB0EF01C0C44EA0A444E
:10ADF000A04202FA01F20BD91CEB040408F1FF3A5D
:10AE000080F09980A04240F29680A8F10208644444
:10AE1000241A98B2B4FBF9F309FB134403FB0EFEAA
:10AE200040EA0444A64508D91CEB040403F1FF30B2
:10AE30007FD2A6457DD9023B644443EA0840A4EB97
:10AE40000E04A0FB028E74454346F14661D35ED0EA
:10AE500055B1FA1A64EB090404FA06F622FA01F372
:10AE60001E43CC40C5E9006400214EE743084FEA89
:10AE7000510C43EAC1710A0C42EA0C428BB2C4077E
:10AE8000B2FBF6F143EA0243BCFBF6FCB6463046A1
:10AE900037461F22181A41EA0C4161E7714615E74F
:10AEA000184629E7C2F1200321FA03F0964024FA5C
:10AEB00003F397403B43370CB0FBF7F807FB180050
:10AEC0001FFA86FE190C41EA004108FB0EF0884289
:10AED00004FA02F43AD9711808F1FF3C01D2884211
:10AEE0001ED8091AB1FBF7F808FB0EF007FB181182
:10AEF0009BB243EA014383422FD2F31808F1FF319A
:10AF0000C8D28342C6D2A8F102013344C2E7474502
:10AF10009ED2B8EB02036EEB0C0E0138F14697E7B8
:10AF2000301A0144A8F1020CB1FBF7F808FB0EF04F
:10AF3000DCE7034681E7D0466AE70846FEE634448C
:10AF4000023834E7ACF1020C33441CE7091AC4465A
:10AF5000B1FBF7F808FB0EF0C8E741469AE700BFDF
:10AF6000F8B500BFF8BC08BC9E467047F8B500BFF6
:08AF7000F8BC08BC9E467047C6
:10AF78000D0A48746943617220776865656C2D73A2
:10AF88007065656420636F6E74726F6C20726561A2
:10AF980064790D0A000000004F6E652D6C61702009
:10AFA8006C696E6520666F6C6C6F773A206C6561B2
:10AFB8007665207374617274206D61726B65722C92
:10AFC8002073746F70206F6E206E657874206D61C9
:10AFD800726B65720D0A0000710101000100F40135
:10AFE80064000000E7FFFFFFC409000004390020E7
:10AFF800083900200C3900201039002014390020AD
:10B00800183900201C3900202039002000000000D9
:10B018000000000001020304060708090000000000
:10B028000102030402030405060708090A0B0C0DB4
:10B038000E0F101001020000AA5501000000803F09
:10B04800000000002A0755AA3CF6FFFF24FAFFFF7C
:10B058000CFEFFFFF4010000DC050000C40900003D
:08B0680004FCFF7F0100000061
:04B07000D9060008F5
:04B07400B106000819
:0CB0780000127A0010000000010000002F
:0400000508005BADE7
:00000001FF
